Leann,S,Stracke,1
Tennille,V,McDermott,2
Marci,U,Romaguera,3
Ronny,Z,Gerlach,4
Lee,F,Goldner,5
Ferdinand,H,Corkery,6
Lelar,Y,Goodwin,7
Skyler,J,Cassin,8
Kenisha,D,Ernser,9
Genaro,E,Murray,10
Tamica,T,Murphy,11
Fredrick,I,Hudson,12
Mayra,A,Hansen,13
Betsey,Y,Ziemann,14
Brande,Z,Moore,15
Abagail,E,White,16
Oren,Y,Gleichner,17
Everette,X,Wiza,18
Randell,S,Torp,19
Kristal,L,Towne,20
Marlys,T,Morar,21
Kent,U,Schroeder,22
Eugenia,Y,Witting,23
Paige,F,Rice,24
Katerina,Y,Haag,25
Ivan,L,Dickinson,26
Koda,E,Ernser,27
Cynthia,Q,Deckow,28
Hartwell,I,Roob,29
Carry,G,Gibson,30
Corene,E,Miller,31
Brinda,W,Schroeder,32
Franz,Y,Considine,33
Medora,M,Littel,34
Clair,M,Pfeffer,35
Mertie,T,Jacobson,36
Maximus,N,Beier,37
Keena,K,Daniel,38
Dane,A,Kshlerin,39
Kurtis,D,Moore,40
Jammie,G,Corwin,41
Brianna,K,Haley,42
Zandra,K,O'Connell,43
Shaniya,H,Hegmann,44
Forest,T,Hessel,45
Moe,F,Berge,46
Adelynn,V,Boyle,47
Baylie,R,Ritchie,48
Nat,T,Erdman,49
Michelle,A,Fisher,50
Nile,U,Ortiz,51
Laverna,S,Gerhold,52
Kenyatta,W,Schowalter,53
Kamron,S,Metz,54
Masao,M,Lehner,55
Arther,C,White,56
Bernita,R,Hills,57
Chadrick,A,Dare,58
Kaitlyn,L,Walker,59
Raina,B,Homenick,60
Janessa,L,Moen,61
Alwine,Q,Labadie,62
Modena,Y,Cremin,63
Alphons,V,Metz,64
Jacky,A,Ortiz,65
Jill,F,Schmitt,66
Cristy,B,Ratke,67
Evangelina,P,Langworth,68
Pandora,G,Crist,69
Reyes,D,Romaguera,70
Samir,R,Cassin,71
Le,H,Labadie,72
Dominick,D,Herman,73
Louis,U,D'Amore,74
Raelyn,R,Hintz,75
Bose,H,Beer,76
Carli,H,Legros,77
Kindra,F,Stanton,78
Elwin,R,Carroll,79
Carey,G,Spinka,80
Giana,E,Cassin,81
Florian,K,Mertz,82
Antonette,R,Lindgren,83
Lyman,S,Tromp,84
Armand,D,Kreiger,85
Oddie,X,McKenzie,86
Early,T,Hessel,87
Dayanara,J,Grady,88
Franklin,N,Feil,89
Selmer,P,Parisian,90
Lizbeth,Z,Spencer,91
Remy,C,Yost,92
Dennis,S,Nicolas,93
Victorine,H,Emmerich,94
Ludwig,L,Johnson,95
Wyatt,V,Feeney,96
Gianni,E,Gorczany,97
Leone,D,Tremblay,98
Alberta,Z,Cremin,99
Ignacio,N,Littel,100
Lonie,L,Feil,101
Jaycie,I,Morissette,102
Willie,D,Fay,103
Lynnette,P,Abernathy,104
Math,J,Kerluke,105
Yesenia,A,Brekke,106
Elizah,X,Kassulke,107
Blanca,E,Cummings,108
Icy,K,Homenick,109
Louann,K,Yost,110
Emerson,S,Rogahn,111
Ellamae,L,Hettinger,112
Winford,W,Harber,113
Kristal,Y,Hirthe,114
Genesis,O,Goyette,115
Lavada,M,Aufderhar,116
Pete,A,Kling,117
Cassius,X,Hintz,118
Lex,B,Murphy,119
Victory,J,Leannon,120
Marcela,E,Skiles,121
Elisha,X,DuBuque,122
Vena,G,Kessler,123
Michial,L,Langworth,124
Curtis,B,Dickinson,125
Kieran,D,Wolff,126
Jailyn,P,Mann,127
Wilda,J,Jacobi,128
Hillary,F,Smitham,129
Theodosia,G,Gerhold,130
Amina,H,Gibson,131
Steven,C,Kuhlman,132
Bjorn,Q,Sauer,133
Tony,U,Beier,134
Versie,B,Hudson,135
Layla,F,Frami,136
Cris,Q,Kiehn,137
Albertha,R,Douglas,138
Arlyn,F,Dooley,139
Gerardo,E,Ratke,140
Clearence,Q,Ruecker,141
Minerva,R,McDermott,142
Homer,N,O'Conner,143
Chris,P,Upton,144
Jerilynn,Q,Keebler,145
Crawford,S,Effertz,146
Rube,T,Strosin,147
Ura,S,Stracke,148
Oney,Y,Keeling,149
Yazmin,C,Langosh,150
Dorr,R,Conroy,151
Kaye,E,Bauch,152
Love,E,Medhurst,153
Zain,E,Schinner,154
Renae,Q,Turcotte,155
Bascom,I,Will,156
Regena,B,Harber,157
Georgie,Q,Rippin,158
Mart,I,Ryan,159
Hilario,Z,Grady,160
Hanna,X,Marquardt,161
Amelia,C,Howell,162
Bethann,T,Spinka,163
Denis,X,Kirlin,164
Aurelio,R,Smitham,165
Jovanni,J,Hansen,166
Tyrik,Y,Mills,167
Marty,N,Beatty,168
Kristin,Z,Ondricka,169
Lorean,B,Stamm,170
Joan,T,Blick,171
Damari,Z,Jones,172
Ebb,S,Baumbach,173
Julia,T,McKenzie,174
Madelynn,P,Rath,175
Estefani,L,Ledner,176
Deeann,G,Kilback,177
Laurie,Y,Stehr,178
Emmit,T,Rowe,179
Lavonia,T,Von,180
Cleora,Y,Osinski,181
Yadira,L,Hills,182
Keandre,I,Bode,183
Greyson,Z,Nicolas,184
Nanie,Z,Green,185
Jovany,L,Gerlach,186
Barry,C,Ryan,187
Ethel,J,Koepp,188
Yusuf,H,Friesen,189
Germaine,T,Parker,190
Cael,P,Klocko,191
Encarnacion,L,Stehr,192
Gonzalo,O,Kunze,193
Hobart,W,Harris,194
Caleigh,E,Bogan,195
Clarine,F,Jast,196
Karissa,G,Schinner,197
Alzina,I,Predovic,198
Donavan,N,Kuphal,199
Tristen,F,Runolfsdottir,200
Iver,H,Gusikowski,201
Ether,B,Hilpert,202
Hattie,S,Borer,203
Danica,J,Cronin,204
Ethelbert,J,Keebler,205
Matteo,X,Gusikowski,206
Nakisha,V,Jacobs,207
Chanie,H,Cummerata,208
Ernest,E,Satterfield,209
Crysta,Q,Waelchi,210
Hilary,W,Schmeler,211
Goldia,F,Hauck,212
Rene,O,Johnson,213
Collins,Z,Steuber,214
Kathlyn,N,Jaskolski,215
Kash,V,Ondricka,216
Adriene,V,Farrell,217
Shaquita,Y,Smitham,218
Agatha,Y,Boyer,219
Lassie,L,Bahringer,220
Kayley,P,Flatley,221
Albert,T,Stark,222
Tyesha,R,Altenwerth,223
Daniella,C,Trantow,224
Pinkie,S,Collins,225
Gaylene,S,Wiegand,226
Tobias,A,Emmerich,227
Edson,B,Moore,228
Kristen,Y,Mayert,229
Missie,B,Wolf,230
Salina,S,Luettgen,231
Lelar,R,Nitzsche,232
Gianna,E,Pacocha,233
Namon,L,Dibbert,234
Hayes,L,Boyer,235
Madilynn,F,Zemlak,236
Elbert,Z,Labadie,237
Perla,I,Stamm,238
Kecia,A,Metz,239
Bose,T,Kohler,240
Simona,T,Kunze,241
Kamryn,E,Bernhard,242
Ozell,S,Rogahn,243
Hollie,J,Mayert,244
Natalee,F,Walsh,245
Claire,S,Wilderman,246
Pablo,V,Swift,247
Koen,T,Conroy,248
Bette,K,Strosin,249
Devan,I,Gottlieb,250
Audrianna,A,Zboncak,251
Khalid,G,Farrell,252
Brenden,P,Williamson,253
Jed,B,Purdy,254
Wade,D,Jerde,255
Braylen,F,Goodwin,256
Hilda,L,Huels,257
Theron,F,Hansen,258
Metta,F,Feest,259
Rishi,B,Aufderhar,260
Stonewall,H,Willms,261
Samie,L,Kling,262
Tyrus,W,Shanahan,263
Nobie,V,Bosco,264
Thos,P,Mills,265
Mikalah,Y,Tillman,266
Kirby,E,Gulgowski,267
Rinda,D,Koss,268
Marci,J,McGlynn,269
Finn,P,Huel,270
Catharine,A,Daugherty,271
Towanda,J,Medhurst,272
Hughes,I,Haag,273
Bruce,A,Blick,274
Pam,O,Lindgren,275
Delma,Z,Pfeffer,276
Francesca,T,Mann,277
Maci,C,Robel,278
Dennie,H,Grady,279
Kathyrn,J,Cole,280
Idell,T,Hamill,281
Joel,J,Abbott,282
Malvina,B,Pollich,283
Marceline,Q,Bayer,284
Amanda,K,Rempel,285
Nelie,Y,Waelchi,286
Latoyia,N,Hartmann,287
Alfredo,D,Tromp,288
Triston,Y,Roberts,289
Male,T,Hessel,290
Hertha,O,Collier,291
Irven,B,Sawayn,292
Kash,M,Corwin,293
Melva,T,Swift,294
Watson,J,Raynor,295
Cason,U,Rolfson,296
Jacqueline,A,Leuschke,297
Landyn,I,McGlynn,298
Soledad,N,Nitzsche,299
Aniyah,W,Smith,300
Braylen,O,Flatley,301
Jesus,G,Graham,302
Zella,H,Gutkowski,303
Doug,P,Schneider,304
Lauren,I,Eichmann,305
Kipp,A,Simonis,306
Lannie,F,Schultz,307
Bilal,S,Funk,308
Charmaine,H,Kling,309
Herschel,M,Goldner,310
Clayton,T,Lakin,311
Alfredo,V,Olson,312
Paul,A,Schroeder,313
Brandan,X,Kozey,314
Derick,J,Schiller,315
Manilla,Z,Kris,316
Annika,T,Fadel,317
Milford,U,Fritsch,318
Clayton,C,Balistreri,319
Judie,P,Jacobi,320
Dondre,A,Larkin,321
Margo,I,Rohan,322
Eugene,G,Boehm,323
Ezekiel,R,Thiel,324
Tristan,R,Stiedemann,325
Maia,T,Quitzon,326
Sharron,Q,Ernser,327
Joana,N,Gulgowski,328
Charlton,Y,O'Reilly,329
Almeta,F,Gutkowski,330
Storm,U,Armstrong,331
Rosy,F,Romaguera,332
Aimee,P,Deckow,333
Devonte,T,Schinner,334
Jennings,U,Lynch,335
Brooklyn,I,Reynolds,336
Cornelious,I,Hintz,337
Cordia,W,Wolff,338
Dennis,P,Schmidt,339
Kennard,H,White,340
Brain,P,Rau,341
Tosha,X,Mosciski,342
Averie,M,Conn,343
Loyd,P,Stark,344
Alesia,I,Feeney,345
Tarsha,U,Emard,346
Deshawn,Z,Stiedemann,347
Amelia,B,Collier,348
Ole,A,Morar,349
Theophile,E,Halvorson,350
Vere,A,Cruickshank,351
Shianne,N,Swaniawski,352
Brea,B,Koelpin,353
Makala,X,Tromp,354
Rayburn,J,Leffler,355
Berton,A,Rodriguez,356
Shawn,R,Ward,357
Skyler,C,Hessel,358
Colette,X,Johnson,359
Tristin,E,DuBuque,360
Ruffin,M,Stracke,361
Cara,W,Okuneva,362
Rayan,L,Block,363
Jann,H,Schultz,364
Coy,H,Gleichner,365
Shirl,F,Bosco,366
Scot,N,Stoltenberg,367
Ludwig,J,Wilderman,368
Benita,W,Wisozk,369
Eunice,T,Gaylord,370
Joanie,X,Wolf,371
Shannon,U,Leannon,372
Amira,X,Bogisich,373
Pam,H,Tromp,374
Wilhelmina,Z,Waters,375
Carroll,E,Runolfsdottir,376
Dillon,M,Marquardt,377
Oneal,U,Gutmann,378
Jeff,Q,Hilpert,379
Jillian,O,Klocko,380
Drake,J,Carter,381
Daja,K,Schowalter,382
Elisabeth,A,Collier,383
Amon,X,Schiller,384
Brayden,I,Rutherford,385
Hung,C,Harvey,386
Rosaria,Z,Mohr,387
Derald,B,Botsford,388
Mauricio,R,Fisher,389
Germaine,F,Ferry,390
Aubrey,X,Volkman,391
Hank,P,Franecki,392
Cristofer,G,Nikolaus,393
Antony,X,Schultz,394
Kasandra,V,Nikolaus,395
Misty,W,Ondricka,396
Cedrick,X,Erdman,397
Nelle,M,Breitenberg,398
Pauletta,K,Shields,399
Yoshiko,A,Kassulke,400
Somer,O,Hamill,401
Elick,B,McClure,402
Rosario,I,Cummings,403
Ardyce,L,Lockman,404
Adrian,W,Beier,405
Dejon,F,Tremblay,406
Hilda,C,Bergstrom,407
Leyla,D,Reichel,408
Allisson,V,Gutkowski,409
Tomika,B,Mohr,410
Rene,C,Reichel,411
Geovanni,F,Turner,412
Beryl,M,Hills,413
Carry,S,Schroeder,414
Phillip,P,Dooley,415
Leighton,E,Daniel,416
Merrie,Z,McGlynn,417
Orlando,A,Kassulke,418
Echo,E,Altenwerth,419
Manuel,S,Schaefer,420
Gunda,O,Jacobi,421
Jaimie,Q,Ziemann,422
Connor,E,O'Hara,423
Dorthy,P,Jenkins,424
Odalis,Y,Glover,425
Amie,G,Torp,426
Hildur,U,Schroeder,427
Brianda,M,Weimann,428
Garrison,L,Funk,429
Lucinda,T,D'Amore,430
Docia,G,Welch,431
Randal,N,Nitzsche,432
Delta,G,Jacobi,433
Murry,Y,Huels,434
Quentin,Y,Morar,435
Juana,E,Kohler,436
Lenora,D,Vandervort,437
Ela,Y,Beatty,438
Auguste,N,Beer,439
James,K,Kohler,440
Clyde,L,Zieme,441
Nanie,W,Schowalter,442
Nelle,B,White,443
Arjun,H,Lemke,444
Michelina,Z,Waters,445
Marcy,E,Considine,446
Lala,R,Lubowitz,447
Randle,E,Parisian,448
Ava,G,Schultz,449
Ammie,Q,Strosin,450
Salena,L,Price,451
Araceli,B,Fadel,452
Santiago,O,Walker,453
Paris,U,Johns,454
Jarod,C,Rogahn,455
Celena,J,Cronin,456
General,U,Schroeder,457
Sharman,F,Wuckert,458
Caitlyn,E,Simonis,459
Deloris,E,Cremin,460
Shaylee,X,Huels,461
Marion,C,Hettinger,462
Hollis,B,Baumbach,463
Tatiana,E,Veum,464
Arkie,C,Eichmann,465
Easter,P,Quigley,466
Loree,N,Hermann,467
Rory,T,Gaylord,468
Kianna,R,Armstrong,469
Stan,W,Senger,470
Shyanne,R,Brakus,471
Regina,D,Herzog,472
Gloria,Q,Mosciski,473
Floy,I,West,474
Dottie,Q,Berge,475
Zhane,U,Hand,476
Rashaad,V,Grant,477
Oral,J,Willms,478
Johny,P,McLaughlin,479
Vernia,G,Jacobs,480
Amina,N,Boehm,481
Tab,G,Kovacek,482
Anibal,B,Boehm,483
Travis,M,Shields,484
Roselyn,Z,Kassulke,485
Brooklyn,D,Stark,486
Quinn,G,Dare,487
Shirlene,Z,Swaniawski,488
Linton,I,Grant,489
Henrietta,I,White,490
Cora,Q,Rohan,491
Shaniece,O,McCullough,492
Cato,J,Zemlak,493
Adriane,E,Willms,494
Edmon,J,Romaguera,495
Jacqulyn,A,Toy,496
Ovila,J,Crist,497
Codie,E,Ratke,498
Layton,B,Champlin,499
Evonne,N,Rolfson,500
Maria,A,Pacocha,501
Nico,V,Mayert,502
Kathern,G,Kutch,503
Alfreda,B,McGlynn,504
Hayes,I,Abernathy,505
Janiya,F,Heller,506
Everett,B,Quigley,507
Alabama,R,Roob,508
Perri,C,McClure,509
Epifanio,T,Keebler,510
Genoveva,W,Rath,511
Tanner,M,Weimann,512
Ottilie,O,Hartmann,513
Theo,E,Herzog,514
Jetta,I,Schumm,515
Almedia,Z,Gislason,516
Shayne,Q,O'Hara,517
Roseanna,F,Ferry,518
Edmond,O,Auer,519
Jerrel,T,Parisian,520
Yahir,E,Bradtke,521
Portia,K,Crooks,522
Ettie,A,Zulauf,523
Zander,J,Williamson,524
Debbra,M,Hagenes,525
Trayvon,H,Bins,526
Zackary,V,Stiedemann,527
Mike,G,Nitzsche,528
Sister,C,Botsford,529
Bonita,M,Graham,530
Khadijah,W,Zulauf,531
Judge,S,Trantow,532
Asia,T,Marvin,533
Keaton,R,Klocko,534
Michelle,R,Bahringer,535
Alessandro,X,Tillman,536
Trula,C,Wilkinson,537
Amanda,K,Herman,538
Gregory,T,Cronin,539
Ansley,R,Ruecker,540
Mattye,J,Wisoky,541
Isla,T,Nikolaus,542
Chalmers,N,Mueller,543
Leda,J,Morar,544
Yolanda,M,Beahan,545
Davis,T,Beatty,546
Greg,G,Hane,547
Delwin,U,Mosciski,548
Blake,Z,Kilback,549
Mylee,N,Mante,550
Andon,M,Brown,551
Glenna,G,Pagac,552
Governor,Y,Dare,553
Chris,R,Konopelski,554
Yetta,H,Smitham,555
Treva,Z,Trantow,556
Larue,N,Parisian,557
Alysia,S,Konopelski,558
Gwenda,Z,Veum,559
Mackenzie,G,Torp,560
Pete,V,Wuckert,561
Sandie,K,Christiansen,562
Emiliano,E,Wiegand,563
Carlos,M,Greenfelder,564
Odis,E,Mitchell,565
Vicki,F,Gottlieb,566
Lukas,X,Botsford,567
Tory,G,Kuhn,568
Sunny,Q,Balistreri,569
Marilee,J,Hartmann,570
Melody,R,West,571
Rikki,R,Price,572
Vivian,F,Shanahan,573
Citlalli,U,Renner,574
Jacoby,D,Pagac,575
Orilla,X,Blanda,576
Riya,G,Berge,577
Heidi,W,O'Connell,578
Jasiah,D,Dooley,579
Burke,R,Gusikowski,580
Houston,B,Lehner,581
Winfred,D,Hahn,582
Sanders,O,Walker,583
Hamp,C,Tremblay,584
Cheyenne,H,Reinger,585
Rosy,R,Labadie,586
Marissa,E,O'Conner,587
Dwan,M,Mraz,588
Carlee,D,Ferry,589
Luna,U,Prohaska,590
Belton,Y,Crona,591
Almus,V,Purdy,592
Lena,M,Christiansen,593
Gunner,J,Wisoky,594
Viviana,U,Davis,595
Sheridan,S,Kub,596
Ozell,L,Kunde,597
Gusta,F,Larson,598
Meredith,F,McKenzie,599
Mykel,G,Farrell,600
Suzie,D,Mertz,601
Kennedy,J,Sawayn,602
Alysia,J,Konopelski,603
Tyron,H,Reilly,604
Cilla,I,Hoppe,605
Marley,H,Parker,606
Lexie,F,DuBuque,607
Sherlyn,O,Powlowski,608
Kim,A,Wisozk,609
Dylan,Y,Hauck,610
Fumiko,C,Denesik,611
Elmer,G,Jacobson,612
Augustine,W,Waters,613
Roxie,D,Hackett,614
Elaina,T,Nader,615
Janice,X,Zboncak,616
Javier,S,Spencer,617
Helga,S,O'Hara,618
Danniel,V,Paucek,619
Patrice,L,Von,620
Alec,B,Nienow,621
Ansley,B,Beatty,622
Tamie,D,Casper,623
Earl,Z,McGlynn,624
Shamika,H,Kunze,625
Milissa,J,Cruickshank,626
Valeria,V,Renner,627
Chin,Y,Rice,628
Leo,P,Barrows,629
Garfield,V,Bradtke,630
Ronald,Q,Hickle,631
Madisyn,W,Simonis,632
Audley,P,Daugherty,633
Emry,U,Hartmann,634
Hallie,E,Durgan,635
Justin,Q,Nader,636
Tennie,T,Turner,637
Shani,Q,Ferry,638
Sylvia,O,Beier,639
Gladyce,P,Moen,640
Jakobe,I,Stanton,641
Joann,R,Prohaska,642
Margueritte,F,Hirthe,643
Edgar,V,Wintheiser,644
Kitty,L,Swift,645
Celestino,O,Bogisich,646
Roddy,G,Schaden,647
Cortney,I,Rutherford,648
Verla,P,Nolan,649
Jude,R,Howell,650
Ike,T,Kassulke,651
Tawana,W,Stamm,652
Denine,B,Beahan,653
Karissa,R,Mann,654
Elois,C,Hackett,655
Zion,M,Simonis,656
Lanette,K,Harvey,657
Milagros,T,McDermott,658
Marian,A,Hettinger,659
Hunt,X,Crona,660
Diane,I,Cummings,661
Adam,Y,Schamberger,662
Janae,Q,Greenfelder,663
Mace,T,Stanton,664
Velda,F,Hirthe,665
Dalton,C,Gleason,666
Reynold,D,Jacobi,667
Aaron,A,Bechtelar,668
Clare,O,Erdman,669
Bradford,F,Purdy,670
Zetta,U,Olson,671
Haiden,S,Rodriguez,672
Jeanie,V,Morar,673
Rube,K,Rodriguez,674
Belle,V,Lebsack,675
Elena,M,Huels,676
Dawna,R,Reilly,677
Ardelia,S,Ryan,678
Randel,Q,Schaden,679
Les,C,Kirlin,680
Tandy,U,Hills,681
Judyth,E,Torphy,682
Albertus,J,Dickinson,683
Noelia,U,Strosin,684
Jimmy,M,Towne,685
Cassidy,R,Monahan,686
Burgess,F,Hammes,687
Kiyoko,O,Smitham,688
Elbridge,B,Zemlak,689
Sanai,U,Hills,690
Marcella,O,Stanton,691
Branson,Z,Hagenes,692
Pinkey,D,Mosciski,693
Myrta,Z,Hamill,694
Sasha,K,Gibson,695
Karrie,C,Erdman,696
Loreen,C,White,697
Petra,I,Jakubowski,698
Wynona,E,Cole,699
Len,X,Becker,700
Denita,Z,Kirlin,701
Latifah,X,Gusikowski,702
Christian,Z,Tromp,703
Taya,K,Kshlerin,704
Bridger,V,Cremin,705
Raleigh,B,Oberbrunner,706
Anthoney,E,Willms,707
Myrtle,C,Mitchell,708
Vena,K,Hansen,709
Terrance,E,Erdman,710
Jewel,F,Ryan,711
Lutie,B,Bartell,712
Odie,K,Gulgowski,713
Gaylen,S,Ratke,714
Darline,I,VonRueden,715
Demetria,G,Simonis,716
Doyle,Z,Herman,717
Eppie,C,Johnston,718
Williard,N,Ryan,719
Chris,G,Erdman,720
Abigale,Y,Little,721
Destini,Q,McClure,722
Rhonda,W,Breitenberg,723
Jonnie,J,Koelpin,724
Robley,F,Spencer,725
Alycia,H,Kiehn,726
Starla,B,Wuckert,727
Arlena,J,Hackett,728
Terrell,L,Bechtelar,729
Raekwon,K,Schneider,730
Ramona,A,Senger,731
Ally,X,Bogan,732
Devon,N,Beier,733
Gottlieb,V,Rowe,734
Diya,K,Schneider,735
Josiah,C,Hayes,736
Eileen,K,Thiel,737
Margret,D,Bins,738
Carlton,D,Upton,739
Glenn,W,Gibson,740
Loreen,L,Parisian,741
Kyla,K,Schulist,742
Davonte,X,Turcotte,743
Diana,V,Hackett,744
Towanda,N,Hayes,745
Jaden,B,Schaefer,746
Debbie,M,Schultz,747
Orion,F,Marvin,748
Brett,A,Bogisich,749
Deyanira,C,Schuster,750
Rashida,D,Luettgen,751
Zaida,L,Dicki,752
Jazlene,T,Gorczany,753
Offie,P,Haag,754
Zebulon,C,Hickle,755
Kallie,Y,Moen,756
Alyson,L,Green,757
Jessye,I,Baumbach,758
Reese,H,Price,759
Kamilah,V,Swaniawski,760
Annalise,R,Kuhn,761
Rowland,R,Hegmann,762
Jessie,L,Gutmann,763
Mont,C,Heathcote,764
Cleda,O,Schiller,765
Jalisa,L,Smith,766
Kamden,Q,Tremblay,767
Domenica,T,Runolfsdottir,768
Nataly,L,Haley,769
Marnie,W,Upton,770
Phyliss,K,Dare,771
Maritza,X,Blanda,772
Durwood,F,Bayer,773
Orie,W,Ryan,774
Eveline,O,Herman,775
Mignon,E,Bergnaum,776
Lana,O,Thompson,777
Kyleigh,Z,Hickle,778
Abbott,E,Carter,779
Kris,O,Jacobs,780
Ardath,Y,Thiel,781
Deborah,K,Rodriguez,782
Pearlie,U,Vandervort,783
Blaine,L,Murazik,784
Dorris,P,Kerluke,785
Cassie,M,Reichert,786
Evelena,U,Mraz,787
Fredericka,A,Daugherty,788
Franco,K,Turcotte,789
Kaylan,G,Kohler,790
Tyron,I,Brekke,791
Donavon,J,Haley,792
Lemon,Y,Bauch,793
Chelsy,A,Lowe,794
Beverlee,U,Ullrich,795
Lorrie,N,Jast,796
Chadd,Z,Prosacco,797
Nyree,S,Feil,798
Peggie,F,Gusikowski,799
Jenilee,U,Schmitt,800
Greene,E,King,801
Bess,O,Feest,802
Janyce,P,Kuvalis,803
Willis,A,Jenkins,804
Birtie,Y,Lemke,805
Zariah,R,Walter,806
Link,R,Beier,807
Sada,K,Schmidt,808
Ivan,U,Lynch,809
Alton,Q,Bogisich,810
Talen,L,Dickinson,811
Demarcus,O,Kreiger,812
Enola,D,Monahan,813
Ernestina,K,Thompson,814
Gaylen,I,Schinner,815
Manerva,P,Moore,816
Antonetta,K,Bruen,817
Clark,F,Stiedemann,818
Renard,B,Mueller,819
Keaton,N,Boehm,820
Elois,T,Glover,821
Rosalee,M,Schamberger,822
Theda,Q,Becker,823
Chloe,J,Reilly,824
Unnamed,O,Roberts,825
Ula,L,Connelly,826
Tenika,Y,Schaefer,827
Dale,D,Morar,828
Tim,M,Mayert,829
Tessa,I,Murphy,830
Emely,K,Toy,831
Ervin,D,Considine,832
Terrence,H,Price,833
Javen,L,Fritsch,834
Emil,M,Lowe,835
Beau,T,Ziemann,836
Lonzo,J,Lehner,837
Amado,Y,D'Amore,838
Robbie,M,Grant,839
Seamus,U,Ullrich,840
Tanya,S,Hagenes,841
Jill,N,Lesch,842
Donavon,H,Moen,843
Eloy,B,Thompson,844
Teena,Z,Gibson,845
Loyal,C,Brekke,846
Chandler,W,Berge,847
Gwenda,W,Daniel,848
Pearla,F,Cremin,849
Natalia,X,Mayert,850
Hampton,E,Yost,851
Dylan,B,Corwin,852
Laddie,H,Herzog,853
Lesley,D,Kshlerin,854
Aedan,L,Wolff,855
Stephenie,U,Dietrich,856
Montgomery,R,Predovic,857
Jakobe,I,DuBuque,858
Juston,U,Larson,859
Ivory,W,Wisoky,860
Alek,S,Boyer,861
Nadia,C,Hackett,862
Jarred,D,Lesch,863
Martha,U,Beer,864
Pricilla,J,Gislason,865
Elroy,F,Gerhold,866
Lesly,H,Swaniawski,867
Almyra,R,Ryan,868
Cayden,D,Zieme,869
Evelyn,P,McClure,870
Rena,A,Koch,871
Eliza,P,Stokes,872
Rogelio,P,Johnston,873
Alfreda,G,Ruecker,874
Vernice,E,Kunze,875
Belton,E,Ondricka,876
Vinie,N,Zboncak,877
Augustine,N,Reilly,878
Daisey,K,Romaguera,879
Hobson,S,Upton,880
Shade,S,Watsica,881
Jerimy,F,Cronin,882
Roxy,X,Keebler,883
Iona,D,Hilll,884
Drake,C,Upton,885
Murdock,E,Bauch,886
Heaven,V,Treutel,887
Shonda,S,Raynor,888
Brent,V,Rutherford,889
Cordaro,K,Mertz,890
Blanca,I,Dibbert,891
Odin,B,Wilderman,892
Cassandra,O,Cremin,893
Leonardo,M,Erdman,894
Cordella,D,Legros,895
Harper,X,Vandervort,896
Parlee,F,Gerhold,897
Penni,T,Kshlerin,898
Alfie,B,O'Kon,899
Case,A,Zboncak,900
Ashely,M,Daugherty,901
Corie,W,Dibbert,902
Vennie,A,Turner,903
Riley,J,Willms,904
Yoshiko,B,Torphy,905
Andy,N,Emmerich,906
Marcy,N,O'Kon,907
Porfirio,C,Zemlak,908
Kai,P,Lehner,909
Natalia,X,Williamson,910
Herbert,R,Schultz,911
Edw,W,Schmitt,912
Annika,H,Moore,913
Samiyah,K,Kassulke,914
Alyssa,P,Maggio,915
Martell,Z,Smith,916
Lauri,C,Kshlerin,917
Arvin,P,Ward,918
Jayvion,C,Adams,919
Winona,Q,Spencer,920
Triston,N,Bartell,921
Stella,R,Herzog,922
Warren,H,Cummings,923
Rheta,B,Rodriguez,924
Kallie,R,Huels,925
Agnes,J,Bednar,926
Harrie,C,Kerluke,927
Alanzo,L,Windler,928
Adrianna,F,Considine,929
Michal,H,Boyle,930
Champ,J,Mosciski,931
Diane,A,Kutch,932
Colin,G,Hegmann,933
Odalys,V,Bogisich,934
Etta,E,Kassulke,935
Mahala,N,Marvin,936
Judyth,N,Orn,937
Boston,U,Pouros,938
Arla,S,Sporer,939
Toni,C,Bosco,940
Franklyn,N,Gerlach,941
Hughes,A,Hamill,942
Dicie,T,Johnston,943
Damari,J,Reichert,944
Olive,W,Hansen,945
Geovanni,J,Johns,946
Bonnie,P,Kuhlman,947
Henriette,X,Greenfelder,948
Nicklaus,I,Zboncak,949
Tabetha,J,Schiller,950
Acy,S,Fahey,951
Anderson,P,DuBuque,952
Jamya,K,Stracke,953
Alejandro,F,Ernser,954
Corinna,I,Kutch,955
Angelic,S,Sauer,956
Gary,E,Walter,957
Sophia,O,Marks,958
Hans,Z,Nicolas,959
Kiana,W,Effertz,960
Brady,G,Quigley,961
Emilia,E,Rippin,962
Genevra,C,Kihn,963
Clifford,V,Zieme,964
Taryn,I,Abbott,965
Pete,Z,McGlynn,966
Raul,S,Volkman,967
Loria,I,Schiller,968
Janae,V,Carter,969
Jeramie,R,Nitzsche,970
Cherilyn,N,Tremblay,971
Dondre,F,Labadie,972
Joanne,U,Pacocha,973
Elizabeth,S,Wiza,974
Ernst,X,Hoeger,975
Winston,A,Harber,976
Ozzie,Y,Ryan,977
Leamon,I,Hirthe,978
Marquita,H,Cassin,979
Luka,Z,McKenzie,980
Corinne,D,Pouros,981
Donie,J,Blanda,982
Yetta,P,Bahringer,983
Lavonia,A,Zemlak,984
Danica,N,Keeling,985
Braeden,S,Yost,986
Judy,N,Parker,987
Shirlie,E,Carter,988
Concepcion,Q,Corkery,989
Brian,I,Kessler,990
Makenna,H,Goyette,991
Ansley,P,Emmerich,992
Rosie,K,Ward,993
Eliseo,N,Purdy,994
Colette,K,Mraz,995
Effie,K,Berge,996
Lulah,F,McDermott,997
Kamora,F,Volkman,998
Christin,O,Koelpin,999
Mora,Z,Fritsch,1000
Young,A,Labadie,1001
River,L,Langworth,1002
Koda,R,Kuhlman,1003
Nathalia,M,Pollich,1004
Jade,K,Friesen,1005
Joaquin,D,Cassin,1006
Furman,C,Donnelly,1007
Verne,S,Kohler,1008
Elouise,K,Spencer,1009
Jarrett,C,Reilly,1010
Joeseph,J,Padberg,1011
Haleigh,W,Cole,1012
Francis,B,Stroman,1013
Carmen,V,Bogisich,1014
Dana,A,Gutkowski,1015
Charls,Y,Ruecker,1016
Caswell,N,Zieme,1017
Jensen,G,Batz,1018
Tressa,J,Cummerata,1019
Almer,K,Miller,1020
Murl,R,Kihn,1021
Lidia,A,Beer,1022
Sky,W,Dibbert,1023
Leann,R,O'Reilly,1024
Debroah,J,Schaden,1025
Almus,V,Krajcik,1026
Chace,D,Hettinger,1027
Tyrese,Q,Nikolaus,1028
Delfina,N,Wehner,1029
Merlin,K,Howell,1030
Kristan,F,Jerde,1031
Cherie,Z,Crist,1032
Kyra,A,Collier,1033
Landen,G,Streich,1034
Miracle,P,Ferry,1035
Randel,Z,Dicki,1036
Matthias,P,Ledner,1037
Latifah,X,Abshire,1038
Vada,M,Christiansen,1039
Shavonne,A,Medhurst,1040
Chandler,Q,Veum,1041
Effa,B,Hammes,1042
Cael,Z,Wilkinson,1043
Delos,W,Ledner,1044
Oscar,E,Ratke,1045
Lindsey,Y,Cormier,1046
Estella,V,Bechtelar,1047
Merritt,S,Bernhard,1048
Lorne,G,O'Hara,1049
Emmalee,X,McCullough,1050
Theodocia,H,Welch,1051
Brain,O,Lynch,1052
Bobbi,W,Denesik,1053
Roseanne,R,Murazik,1054
Lynette,K,Kulas,1055
Rudolfo,E,Waelchi,1056
Marta,I,Emard,1057
Emit,L,Murray,1058
Clevie,Y,Rolfson,1059
Oneta,W,Wehner,1060
Soloman,O,Conn,1061
Gertha,Y,O'Kon,1062
Justyn,M,Spinka,1063
Suzan,B,Schultz,1064
Mervin,L,Lemke,1065
Emmit,V,Dooley,1066
Francesco,C,Gerlach,1067
Icie,J,Spinka,1068
French,D,Stark,1069
Gennie,O,Baumbach,1070
Danniel,G,Harris,1071
Lonna,B,Champlin,1072
Shanell,D,Gerhold,1073
Jerod,C,Kuhic,1074
Rayshawn,H,Denesik,1075
Lettie,L,Hauck,1076
Pandora,N,Batz,1077
Kurt,J,Torphy,1078
Nicola,W,Brown,1079
Layla,H,Stracke,1080
Heriberto,Q,Satterfield,1081
Clement,U,Medhurst,1082
Laylah,B,Kshlerin,1083
Hana,I,Tillman,1084
Marcelo,O,Bartell,1085
Taraji,A,Fisher,1086
Hardin,C,Collier,1087
Palma,X,Dibbert,1088
Harriette,E,Hettinger,1089
Carin,O,Romaguera,1090
Ira,T,Smith,1091
Eliseo,Z,Bartell,1092
Cappie,E,Pollich,1093
Wilbert,C,Zulauf,1094
Hilah,O,Daugherty,1095
Fount,C,Will,1096
Burrel,A,Feil,1097
Moe,B,Barton,1098
Ahmed,M,Luettgen,1099
Alvie,Z,Wiegand,1100
Arlena,H,Stanton,1101
Charisse,F,Adams,1102
Wess,A,Herzog,1103
Kanisha,X,Orn,1104
Rihanna,D,Braun,1105
Wirt,O,Kshlerin,1106
Arrie,N,Huel,1107
Manerva,O,Gutmann,1108
Leigh,T,Collier,1109
Grady,L,Corkery,1110
Otha,F,Barrows,1111
Robbin,P,Watsica,1112
Lorene,U,Balistreri,1113
Elwyn,A,O'Hara,1114
Leanne,Z,Harvey,1115
Renata,N,O'Hara,1116
Sedrick,H,Mann,1117
Bettye,T,Bartoletti,1118
Ciara,Y,Goldner,1119
Janine,P,Quigley,1120
Leila,K,Grimes,1121
Jolene,Q,Miller,1122
Rayford,E,Blick,1123
Fleet,L,Adams,1124
Kandi,N,Walker,1125
Janine,H,Kirlin,1126
Knute,D,Hills,1127
Ruthanne,F,Brakus,1128
Louann,M,Stracke,1129
Grant,U,Durgan,1130
Terrell,P,Kunde,1131
Ole,H,Murphy,1132
Lila,F,Kub,1133
Carlos,D,Mayert,1134
Beatrix,R,Feil,1135
Keagan,C,Schimmel,1136
Mistie,T,Watsica,1137
Jaylyn,N,Haag,1138
Aiyanna,P,Barton,1139
Shaina,S,Bailey,1140
Arminta,D,Bayer,1141
Knute,J,Conroy,1142
Landin,M,Wyman,1143
Marlee,G,McDermott,1144
Carey,A,Prosacco,1145
Jeanie,L,Glover,1146
Blake,W,Mann,1147
Carsen,Y,Gleichner,1148
Trinity,Y,Kunze,1149
Golden,F,Gorczany,1150
Maceo,Y,Willms,1151
Icey,S,Metz,1152
Jeramie,V,Considine,1153
Jonell,S,Dooley,1154
Liliana,V,Rutherford,1155
Della,T,Volkman,1156
Mikala,E,Powlowski,1157
Valentino,Z,Conn,1158
Holli,Z,Lang,1159
Linsey,H,Mosciski,1160
Ayana,O,Osinski,1161
Obie,T,Klein,1162
Florida,J,Predovic,1163
Con,K,Hills,1164
Evon,J,Wyman,1165
Bridget,I,Wolff,1166
Tad,K,Witting,1167
Seldon,I,Mann,1168
Silas,G,Torphy,1169
Dorla,D,Durgan,1170
Ephram,U,Schiller,1171
Celena,L,Hammes,1172
Roland,R,Brekke,1173
Curley,T,Carter,1174
Cap,H,Shields,1175
Johannah,U,Halvorson,1176
Miya,C,Donnelly,1177
Ona,W,Kuhlman,1178
Elton,O,Marks,1179
Talmage,W,McKenzie,1180
Arra,A,Franecki,1181
Terry,U,Schultz,1182
Cristin,X,Fritsch,1183
Dannie,Y,Rogahn,1184
Less,I,Konopelski,1185
Anya,E,Bernhard,1186
Dimitrios,U,Walsh,1187
Lia,F,Wolf,1188
Wilma,P,McDermott,1189
Syed,V,Pacocha,1190
Deana,J,Boehm,1191
Sheree,E,Beatty,1192
Torrey,U,Considine,1193
Amey,Q,Ledner,1194
Whit,U,Howe,1195
Jedediah,Q,Schoen,1196
Aretha,L,Herman,1197
Harriet,V,Luettgen,1198
Caden,W,Hessel,1199
Santiago,S,Ondricka,1200
Elden,W,Moen,1201
Dania,O,Stroman,1202
Leonore,U,Swaniawski,1203
Anahi,B,Tromp,1204
Orene,M,Hackett,1205
Margaret,P,Hermiston,1206
Pam,R,Mayer,1207
Jaxson,B,Fritsch,1208
Leanne,K,McCullough,1209
Crista,Z,Gislason,1210
Jennifer,Z,Fahey,1211
Cierra,Y,Klein,1212
Rylan,S,Shields,1213
Yasmin,N,McGlynn,1214
Cynthia,G,Kulas,1215
Candyce,S,Kshlerin,1216
Raleigh,I,Mayer,1217
Britt,E,Walker,1218
Theresia,P,Gutmann,1219
Stacie,U,Abbott,1220
Cornell,O,Jast,1221
Eliza,D,Hegmann,1222
Tina,V,Jacobson,1223
Elfie,V,Ebert,1224
James,K,Cassin,1225
Verlon,H,Towne,1226
Curt,O,Gottlieb,1227
Holland,B,Hickle,1228
Vic,U,Mitchell,1229
Kortney,J,Wehner,1230
Nathan,T,Jones,1231
Dakota,P,Jerde,1232
Lenna,P,Mosciski,1233
Marius,H,Reynolds,1234
Harlow,A,Quitzon,1235
Godfrey,P,Stehr,1236
Melisa,H,Erdman,1237
Chrissie,K,Walker,1238
Simpson,Z,Quigley,1239
Kwame,T,Goodwin,1240
Debra,S,Lueilwitz,1241
Beula,G,Block,1242
Arly,H,Ruecker,1243
Darian,T,Schimmel,1244
Sheridan,T,Gleason,1245
Jabari,C,Schneider,1246
Hamza,L,Wolf,1247
Janis,L,Legros,1248
Azaria,J,Zulauf,1249
Alvy,Q,Altenwerth,1250
Cristofer,T,Ortiz,1251
Ora,E,Denesik,1252
Ettie,O,Romaguera,1253
Sondra,M,Jacobi,1254
Blanca,G,Wilderman,1255
Ezekiel,C,Schowalter,1256
Francisquita,P,Cartwright,1257
Jordy,P,Fay,1258
Wells,L,Hyatt,1259
Derik,P,Weissnat,1260
Janie,W,Auer,1261
Troy,Q,Satterfield,1262
Paralee,F,Collier,1263
Buna,I,Schiller,1264
Effie,F,Maggio,1265
Vita,V,Kemmer,1266
Coolidge,M,Rodriguez,1267
Jeromy,G,Cummings,1268
Alissa,N,Kuhn,1269
Isreal,P,Shanahan,1270
Elfie,C,Wilderman,1271
Odessa,O,Murazik,1272
Wade,J,Wunsch,1273
Raekwon,G,Pacocha,1274
Kaylynn,V,Wisoky,1275
Mauro,M,Waters,1276
Jessika,A,Schmitt,1277
Ivette,R,Kertzmann,1278
Elise,V,Daugherty,1279
Helyn,U,Hoppe,1280
Pierce,S,King,1281
Author,Z,Bechtelar,1282
Elizbeth,W,Oberbrunner,1283
Gaylon,I,Becker,1284
Woodson,S,Goldner,1285
Ned,W,Keebler,1286
Eddie,X,Bosco,1287
Verlie,P,Nolan,1288
Gillie,P,Morissette,1289
Dolores,H,Lynch,1290
Maxine,G,Hoppe,1291
Keely,Y,Gibson,1292
Kari,W,Kuhlman,1293
Abigail,O,Hammes,1294
Sunny,D,Rau,1295
Jeannie,Q,Christiansen,1296
Kerry,X,Becker,1297
Vera,V,Mann,1298
Keith,T,Altenwerth,1299
Kenzie,X,Heathcote,1300
Foy,P,Leuschke,1301
Arba,K,Lowe,1302
Earline,R,Barton,1303
Tiffani,J,Funk,1304
Derrell,S,Ledner,1305
Wilfred,Z,Turcotte,1306
Nathaniel,C,Price,1307
Alani,Y,O'Reilly,1308
Pollie,D,Weissnat,1309
Vander,W,McLaughlin,1310
Elenore,K,Hammes,1311
Lawrance,Q,Bashirian,1312
Terance,X,Schaden,1313
Keesha,R,Bartell,1314
Elgie,U,Braun,1315
Malvin,I,Sipes,1316
Franz,K,Schmitt,1317
Atlas,N,Johns,1318
Katelyn,D,Maggio,1319
Hernan,E,Lind,1320
Savana,T,Corwin,1321
Stephaine,N,Klein,1322
Dewey,H,Abernathy,1323
Mayme,L,Goodwin,1324
Shirlene,U,Toy,1325
Laurel,K,Glover,1326
Dante,I,Bauch,1327
Lorena,J,Reichel,1328
Taraji,F,Schiller,1329
Eithel,L,Kutch,1330
Viola,P,Hand,1331
Gannon,R,Ortiz,1332
Santa,G,Hettinger,1333
Karon,H,Dach,1334
Monna,Y,Armstrong,1335
Mearl,M,Bahringer,1336
Tyreke,E,Wolf,1337
Joleen,G,Schneider,1338
Skyla,A,Fisher,1339
Akeelah,F,Schroeder,1340
Isaak,F,Lehner,1341
Lorraine,M,Dickens,1342
Gilmore,U,Watsica,1343
Hilton,B,Krajcik,1344
Volney,E,Reichel,1345
Clarence,R,Roberts,1346
Joanne,F,Goodwin,1347
Shianne,R,Kassulke,1348
Santos,A,Rath,1349
Slade,Y,Bogisich,1350
Jerrod,S,Parisian,1351
Margarette,L,Mohr,1352
Pranav,B,Luettgen,1353
Corda,M,Koepp,1354
Aden,K,Moen,1355
Merl,L,Howe,1356
Billy,C,Conroy,1357
Lilburn,Z,Quitzon,1358
Regenia,A,Kirlin,1359
Clora,G,Lockman,1360
Gustavus,N,Lind,1361
Meta,S,Lowe,1362
Ishmael,P,Swift,1363
Villa,L,Olson,1364
Lee,E,Connelly,1365
Newman,Z,Stiedemann,1366
Jada,N,Dickens,1367
Chyna,R,Jones,1368
Gwenda,N,Kub,1369
Hansel,O,Jerde,1370
Ellery,W,Kovacek,1371
Hamilton,L,Beier,1372
Hazle,J,Denesik,1373
Idell,I,Yost,1374
Garrick,T,Nienow,1375
Jackeline,M,Runolfsdottir,1376
Dijon,F,Prosacco,1377
Shane,Z,Kozey,1378
Marcia,N,Lemke,1379
Emmit,E,Bogisich,1380
Ena,U,Kertzmann,1381
Lavern,S,Runolfsson,1382
Jimena,N,Bernier,1383
Mittie,Y,Kemmer,1384
Danyell,M,Gutmann,1385
Carrie,I,Ferry,1386
Maida,B,Kuvalis,1387
Chelsea,D,Padberg,1388
Hassan,M,Kertzmann,1389
Luverne,Z,Medhurst,1390
Butch,S,Bartell,1391
Johathan,L,Bergnaum,1392
Toy,J,Lehner,1393
Aubree,F,Howell,1394
Clarke,F,West,1395
Kale,L,Fay,1396
Simmie,O,Leffler,1397
Mendy,B,Hilpert,1398
Madisyn,F,Bode,1399
Carey,W,Mayert,1400
Minervia,R,Nader,1401
Kendall,R,Flatley,1402
Laddie,C,Miller,1403
Jeremy,A,Glover,1404
Korey,N,O'Connell,1405
Myrl,F,Blick,1406
Ryland,Z,Marquardt,1407
Kaila,Z,Heller,1408
Kai,D,Beer,1409
Gale,K,Rolfson,1410
Rory,L,Turcotte,1411
Becky,I,Wyman,1412
Gorge,Q,Witting,1413
Keshia,V,Steuber,1414
Bill,M,Wuckert,1415
Desirae,A,Erdman,1416
Adyson,M,Pfeffer,1417
Flo,D,Herman,1418
Hosie,K,Tremblay,1419
Colter,P,Hintz,1420
Vikki,I,Hahn,1421
Brogan,L,Sauer,1422
Rosa,V,Kunze,1423
Hannah,D,Connelly,1424
Jada,G,Schuppe,1425
Cordella,W,Stroman,1426
Linna,N,Bauch,1427
Concetta,Y,Oberbrunner,1428
Esley,K,Berge,1429
Nelle,L,McKenzie,1430
Pate,A,West,1431
Soledad,Q,Ratke,1432
Adalynn,A,White,1433
Marcelino,Z,Wintheiser,1434
Davonte,V,Bogan,1435
Piper,E,Goodwin,1436
Minor,X,Rolfson,1437
Uriah,V,Fadel,1438
Lawrence,F,Simonis,1439
Devyn,B,Orn,1440
Arley,P,Connelly,1441
Barry,C,Cartwright,1442
Dian,O,Toy,1443
Maeve,A,Morar,1444
Merrie,H,Schmidt,1445
Tia,U,Little,1446
Bryanna,C,Wilkinson,1447
Acy,T,Nitzsche,1448
Regan,S,Langosh,1449
Garrett,J,Marvin,1450
Long,U,Fritsch,1451
Anthoney,Z,Lindgren,1452
Corina,F,Cummerata,1453
Samantha,S,Blanda,1454
Lyric,B,Wilkinson,1455
Arnett,U,Funk,1456
Antwan,T,Shields,1457
Gilman,Z,Zboncak,1458
Sherita,V,Rempel,1459
Jacquelin,D,Koss,1460
Collie,D,Stokes,1461
Atticus,Q,Schneider,1462
Racquel,V,Medhurst,1463
Sandra,O,Abernathy,1464
Stephania,F,Fahey,1465
Taj,Q,Haag,1466
Josie,A,Daniel,1467
Glynda,H,Gusikowski,1468
Noma,K,Blick,1469
Teri,Z,O'Connell,1470
Horton,Q,Lueilwitz,1471
Dock,H,Kiehn,1472
Madeline,K,Bashirian,1473
Emelie,T,Toy,1474
Katarina,Z,Bednar,1475
Florrie,D,Collins,1476
Chasity,E,Windler,1477
Bo,O,Nienow,1478
Tobias,R,Labadie,1479
Warren,X,Purdy,1480
Indiana,B,Anderson,1481
Kaylynn,M,Farrell,1482
Olinda,F,Hickle,1483
Frazier,C,Block,1484
Odalys,E,Wintheiser,1485
Branden,W,Veum,1486
Peggie,L,Schulist,1487
Gracia,P,Jenkins,1488
Nita,M,Rath,1489
Emilia,P,Glover,1490
Sarah,V,Mraz,1491
Mazie,D,Weber,1492
Lars,N,Harris,1493
Makai,R,Gorczany,1494
Rosalia,M,Christiansen,1495
Rosalinda,V,Durgan,1496
Tori,F,Ward,1497
Sherrie,S,Lakin,1498
Katerina,W,Herzog,1499
Darrian,Z,Schamberger,1500
Eugenio,X,Nikolaus,1501
Timothy,Y,Emmerich,1502
Luetta,X,Sauer,1503
Staci,G,Blick,1504
Dale,A,Walsh,1505
Juliann,L,Will,1506
Ronald,Y,Braun,1507
Nestor,S,Funk,1508
Nakisha,H,Mayert,1509
Norman,M,Veum,1510
Mindy,C,Beahan,1511
Brett,O,Krajcik,1512
Davian,L,Schultz,1513
Connie,E,Parisian,1514
Brooklyn,G,Rau,1515
Mahalie,U,Walsh,1516
Chante,G,Schultz,1517
Latisha,L,Stiedemann,1518
Kelcie,C,Pfeffer,1519
Pearl,T,Stiedemann,1520
Geraldo,V,Oberbrunner,1521
Johnathon,R,Jenkins,1522
Jerald,W,Fahey,1523
Jaeda,C,Paucek,1524
Cameron,I,Mann,1525
Jordin,I,O'Conner,1526
Budd,N,Grant,1527
Vannie,O,Douglas,1528
Caddie,S,Casper,1529
Denise,O,Lebsack,1530
Brain,D,Dietrich,1531
Rowena,F,Boyer,1532
Miah,K,Waters,1533
Anderson,V,Boyle,1534
Hildred,K,Brekke,1535
Neppie,M,Sipes,1536
Karis,L,Blanda,1537
Uriah,P,Schulist,1538
Jaelynn,W,Ebert,1539
Tyriq,Q,Kautzer,1540
Loria,O,Predovic,1541
Travon,U,Lesch,1542
Edmonia,R,Roberts,1543
Janay,L,Connelly,1544
Murphy,B,Emard,1545
Channing,U,Bernier,1546
Danae,V,Monahan,1547
Latoya,N,Buckridge,1548
Nan,V,Mohr,1549
Matilda,I,Gleichner,1550
Evelina,V,Carroll,1551
Vesta,G,Windler,1552
Rosalinda,L,Osinski,1553
Zack,X,Osinski,1554
Mandie,P,Beatty,1555
Terry,P,Marks,1556
Brandie,Y,Thiel,1557
Janis,G,Moen,1558
Karie,R,Pouros,1559
Flonnie,S,Brekke,1560
Kristal,G,Dooley,1561
Acy,O,Schimmel,1562
Thomasina,S,Price,1563
Eben,R,Monahan,1564
Audry,H,Leffler,1565
Joel,N,King,1566
Erik,K,O'Kon,1567
Francis,H,Romaguera,1568
Cleave,U,Feeney,1569
Francies,Z,Legros,1570
Yehuda,N,Bergnaum,1571
Gayle,N,Cole,1572
Ferdinand,Y,Larkin,1573
Duwayne,M,Emard,1574
Rob,W,Macejkovic,1575
Dominic,P,VonRueden,1576
Maryanne,Q,Hyatt,1577
Keeley,B,Funk,1578
Beryl,F,Rippin,1579
Shirl,B,Macejkovic,1580
Nicki,P,Marvin,1581
Victoriano,C,Kassulke,1582
Garnett,Q,Will,1583
Kiarra,I,Hoppe,1584
Hudson,T,Donnelly,1585
Luka,O,Cassin,1586
Staci,F,McKenzie,1587
Josefina,S,Zulauf,1588
Donal,R,Howe,1589
Courtney,Z,Boyle,1590
Rettie,N,O'Hara,1591
Damarcus,X,Ankunding,1592
Manervia,G,Yundt,1593
Delwin,R,Sipes,1594
Drucilla,W,Braun,1595
Elmira,C,Friesen,1596
Clay,L,Labadie,1597
Haleigh,W,Wilderman,1598
Yaretzi,U,Feest,1599
Bailee,M,Heller,1600
Rodger,Q,McClure,1601
Ayla,E,Johns,1602
Blane,O,Johnson,1603
Paxton,B,McGlynn,1604
Amey,C,Botsford,1605
Gerda,L,Donnelly,1606
Artie,K,Schaden,1607
Judd,H,Gleason,1608
Ozzie,R,Doyle,1609
Icey,C,Kulas,1610
Bertina,B,Bashirian,1611
Lorena,G,Windler,1612
Waldemar,S,Bashirian,1613
Layla,W,Jacobi,1614
Channie,O,Hickle,1615
Mallorie,X,Streich,1616
Ester,W,Kirlin,1617
Lissette,O,Willms,1618
Maximo,Q,Bergnaum,1619
Devin,Z,Upton,1620
Ronin,J,Kozey,1621
Braylon,T,Adams,1622
Otelia,T,McClure,1623
Israel,B,Medhurst,1624
Davy,E,Tromp,1625
Dozier,Q,Walsh,1626
Moshe,P,Wiegand,1627
Emogene,B,Corkery,1628
Samantha,J,Pollich,1629
Caron,Y,Casper,1630
Quintin,H,Macejkovic,1631
Cass,B,Harris,1632
Malakai,L,Crist,1633
Lashunda,U,Watsica,1634
Kandace,P,Dickens,1635
Donita,X,Romaguera,1636
Zaria,P,Cormier,1637
Kelley,W,Ankunding,1638
Leighton,X,Bednar,1639
Camryn,S,Bruen,1640
Alline,G,Murazik,1641
Blanchard,J,Braun,1642
Hessie,J,Stokes,1643
Yadiel,Z,Streich,1644
Nikhil,K,Pollich,1645
Delma,G,Goldner,1646
Deidre,Q,Nader,1647
Isham,H,Thiel,1648
Rosalind,K,Wisozk,1649
Saverio,S,Gerhold,1650
Ansel,V,Medhurst,1651
Yoshiko,L,Tromp,1652
Mace,F,Kuhn,1653
Guthrie,F,Walsh,1654
Tyreese,E,Pagac,1655
Denzell,X,Spencer,1656
Flem,S,Yost,1657
Aden,C,Wisoky,1658
Davonte,J,Russel,1659
Bella,S,Parker,1660
Lincoln,Y,Kiehn,1661
Thora,V,Mohr,1662
Burgess,U,Larson,1663
Tatyanna,N,Padberg,1664
Shedrick,W,Stoltenberg,1665
Cloyd,I,Wisoky,1666
Markell,C,Klocko,1667
Suzann,E,DuBuque,1668
Renata,L,Marks,1669
William,V,Dach,1670
Percival,A,Hagenes,1671
Ashton,H,Altenwerth,1672
Tennie,O,Kutch,1673
Joni,D,Olson,1674
Martine,D,Kuhn,1675
Missy,R,Jenkins,1676
Kian,S,Littel,1677
Vita,B,Gibson,1678
Malvina,W,Williamson,1679
Jep,V,Brakus,1680
Luz,W,Hegmann,1681
Mame,V,Walker,1682
Erling,K,Bauch,1683
Shani,J,Wilderman,1684
Demonte,E,Kautzer,1685
Jennifer,Y,Johns,1686
Lucious,Y,Little,1687
Erling,W,Keeling,1688
Clarinda,S,Mraz,1689
Deasia,L,Keeling,1690
Anika,H,Waters,1691
Damien,A,Bernhard,1692
Murray,M,Terry,1693
Jaycie,B,Considine,1694
Dorathea,W,Toy,1695
Jody,Y,Casper,1696
Flo,Z,Mayer,1697
Carly,P,Hartmann,1698
Tiny,U,Ernser,1699
Emmet,O,Effertz,1700
Esteban,F,Legros,1701
Brandy,Y,Rogahn,1702
Martika,T,Murray,1703
Leonce,I,Walter,1704
Marcelina,L,Schuster,1705
Chancy,D,Schiller,1706
Deanna,X,Weimann,1707
Teagan,Y,Veum,1708
Otis,A,O'Keefe,1709
Faron,M,Bode,1710
Samara,Q,Harvey,1711
Raelynn,N,Paucek,1712
Joycelyn,G,Ondricka,1713
Avon,Y,Koepp,1714
Isadore,Z,Gutkowski,1715
Hailee,H,Bahringer,1716
Shae,E,Hettinger,1717
Joleen,O,Stoltenberg,1718
Lynda,Z,Torp,1719
Moody,T,Hackett,1720
Ragna,G,Lakin,1721
Tatianna,Y,Jaskolski,1722
Francis,C,Hartmann,1723
Roxann,H,Little,1724
Samuel,L,Cruickshank,1725
Kamari,L,O'Connell,1726
Dominga,Y,Schimmel,1727
Makai,J,Borer,1728
Cyrus,G,Trantow,1729
Winnie,Y,Kiehn,1730
Murphy,Y,Dietrich,1731
Najee,K,Monahan,1732
Judie,S,Dickinson,1733
Leana,Z,Lang,1734
Hartley,A,Ratke,1735
Charlottie,P,Koss,1736
Paisley,O,Mann,1737
Shelby,D,Greenfelder,1738
Lossie,K,Erdman,1739
Jenny,Y,Harber,1740
Brinda,M,Collier,1741
Sofia,D,Corkery,1742
Phil,T,Christiansen,1743
Joellen,M,Lebsack,1744
Margene,Y,Kling,1745
Osbaldo,E,Champlin,1746
Ossie,O,Dibbert,1747
Donell,J,Barrows,1748
Kinte,E,Flatley,1749
Kacy,I,Weissnat,1750
James,F,Simonis,1751
Babette,V,Moore,1752
Shonda,M,Hickle,1753
Destini,Q,Lowe,1754
Delphine,E,McClure,1755
Elisha,O,Botsford,1756
Cailyn,X,Luettgen,1757
Albertus,I,Stiedemann,1758
Mickie,Z,Beatty,1759
Bunk,X,Jakubowski,1760
Lauretta,E,Gislason,1761
Handy,O,Fritsch,1762
Tonja,V,Powlowski,1763
Colie,Q,Schoen,1764
Braylen,I,Schinner,1765
Brandyn,B,O'Reilly,1766
Jason,P,Fadel,1767
Lannie,C,Bradtke,1768
Beverlee,K,Spencer,1769
Darrian,E,Schowalter,1770
Arlo,P,Farrell,1771
Fredy,S,Leannon,1772
Sommer,N,Spencer,1773
Lesa,S,Gleason,1774
Robbin,G,Schimmel,1775
Hazle,C,Abernathy,1776
Rice,N,McGlynn,1777
Tad,X,Rippin,1778
Cathy,E,Farrell,1779
Natasha,Z,Hegmann,1780
Jaron,O,Hintz,1781
Ettie,R,Mayert,1782
Iva,Z,Dibbert,1783
Glenwood,T,Lebsack,1784
Durell,X,Eichmann,1785
Leonidas,W,Gutmann,1786
Scott,N,Denesik,1787
Young,T,Walter,1788
Ireland,G,Reichert,1789
Julien,H,Rowe,1790
Ieshia,U,Daniel,1791
Golden,E,Wyman,1792
Carmen,N,Ferry,1793
Geralyn,Z,Lowe,1794
Parley,C,Fadel,1795
Esperanza,A,Kemmer,1796
Daisha,A,Osinski,1797
Olga,M,Hickle,1798
Misti,D,Crona,1799
Lem,I,Lehner,1800
Vincent,O,Koch,1801
Bula,X,Homenick,1802
Barbie,O,Considine,1803
Creed,I,Barrows,1804
Quiana,L,Walter,1805
Manson,C,Marquardt,1806
Marchello,J,Stiedemann,1807
Jeremy,H,Hartmann,1808
Sannie,Q,O'Hara,1809
Callie,C,Koch,1810
Felipa,V,Rowe,1811
Edith,E,Klein,1812
Tisa,H,Barton,1813
Vance,O,Bartoletti,1814
Susann,S,Crist,1815
Tosha,F,Oberbrunner,1816
Chloie,S,Rutherford,1817
Halle,Q,Bahringer,1818
Ewin,J,Gutkowski,1819
Nelia,N,Spinka,1820
Glynis,G,Dietrich,1821
Eston,O,Treutel,1822
Nicholaus,Q,Hilpert,1823
Marjorie,A,Cruickshank,1824
Earline,O,Schulist,1825
Shon,X,Zemlak,1826
Keisha,W,Considine,1827
Jamison,U,Langosh,1828
Kasie,Q,Wiegand,1829
Amado,N,Goldner,1830
Tiera,T,Lockman,1831
Skip,D,Friesen,1832
Jaret,A,Flatley,1833
Otho,X,Schmidt,1834
Chantelle,Z,Kihn,1835
Pattie,K,Nienow,1836
Brielle,L,Turcotte,1837
Maximo,U,Raynor,1838
Zandra,P,Kessler,1839
Norman,L,Prosacco,1840
Lidia,G,Wuckert,1841
Eliot,Y,Zieme,1842
Colie,L,Howe,1843
Noe,B,Purdy,1844
Roswell,F,Schimmel,1845
Gauge,G,O'Hara,1846
Dillard,W,Torphy,1847
Trisha,U,Zboncak,1848
Mylie,Q,Beahan,1849
Paulina,G,Wyman,1850
Gearld,G,Klocko,1851
Opha,V,Jerde,1852
Marleen,J,Huel,1853
Nya,A,Luettgen,1854
Dondre,G,Marvin,1855
Ayaan,T,Barton,1856
Dedrick,Z,Yundt,1857
Kenya,S,Williamson,1858
Hardy,D,Goldner,1859
Kristopher,D,Hahn,1860
Tawana,T,Wyman,1861
Makenzie,S,Windler,1862
Mayme,P,Bradtke,1863
Beckie,O,Harris,1864
Math,Q,Yundt,1865
Burnice,C,Jaskolski,1866
Lovie,B,Herman,1867
Schley,K,Runolfsson,1868
Elzada,J,Fritsch,1869
Ignatz,D,Romaguera,1870
Eloisa,M,Sauer,1871
Margie,Y,Franecki,1872
Shaun,D,Haley,1873
Matilde,V,Greenfelder,1874
Dina,P,Muller,1875
Reed,I,Rolfson,1876
Asha,W,Howell,1877
Tea,Z,Bosco,1878
Alease,R,Armstrong,1879
Winthrop,M,Durgan,1880
Uriah,Y,Jast,1881
Romona,H,Volkman,1882
Riley,L,Will,1883
Cedric,T,Durgan,1884
Sharonda,H,Mraz,1885
Wong,Q,Purdy,1886
Kenna,U,Ruecker,1887
Amos,L,Christiansen,1888
Domingo,R,Koepp,1889
Andrae,D,Quigley,1890
Ada,H,Ruecker,1891
Lucien,C,Ritchie,1892
Junior,I,Skiles,1893
Launa,K,Hermann,1894
Katina,J,Hane,1895
Freddie,B,Murphy,1896
Gaige,Q,Dickinson,1897
Kimball,Q,Heller,1898
Adeline,G,Klein,1899
Kamari,H,Bruen,1900
Willodean,L,Sawayn,1901
Rudolf,K,Hayes,1902
Alysa,X,Tromp,1903
Janell,H,Murray,1904
Antonette,R,Connelly,1905
Ivah,F,Klein,1906
Chantelle,E,Bednar,1907
Raheem,N,Emard,1908
Gayla,G,Jerde,1909
Inger,D,Roob,1910
Lyle,L,Effertz,1911
Wyatt,W,Ledner,1912
Manda,Y,Strosin,1913
Jalissa,X,Schinner,1914
Kristian,U,Volkman,1915
Buelah,F,Barrows,1916
Ellis,C,Tremblay,1917
Eunice,Z,Botsford,1918
Daisey,B,McCullough,1919
Gael,J,McGlynn,1920
Zena,F,Hoeger,1921
Dennie,V,Runolfsson,1922
Romona,B,Dare,1923
Marina,W,Hilpert,1924
Joaquin,P,Yundt,1925
Powell,Q,Klocko,1926
Mikalah,Z,Waelchi,1927
Jack,L,Turner,1928
Elza,T,Blanda,1929
Beau,S,Kuhn,1930
Roberta,T,Harvey,1931
Merrie,G,Sanford,1932
Chasity,A,Borer,1933
Megan,H,Kulas,1934
Handy,U,Schmidt,1935
Anabel,B,Windler,1936
Ila,B,Boyle,1937
Vernia,K,Kulas,1938
Arielle,N,Wunsch,1939
Aurthur,N,Reichel,1940
Biddie,E,Schimmel,1941
Shon,Z,Mosciski,1942
Senora,G,Borer,1943
Juliet,G,Crona,1944
Yuliana,O,Bosco,1945
Yolanda,M,Sanford,1946
Adan,V,Bogisich,1947
Vella,C,Pacocha,1948
Phillip,L,Smitham,1949
Villa,L,Grimes,1950
Della,F,Hessel,1951
Broderick,C,McClure,1952
Caylee,Y,VonRueden,1953
Lyndon,U,Crooks,1954
Cyril,S,Kling,1955
Shandra,G,Farrell,1956
Green,C,Howe,1957
Alex,K,Aufderhar,1958
Debera,D,Kuvalis,1959
Amina,B,Homenick,1960
Chantelle,Y,Fadel,1961
Jerilyn,V,Champlin,1962
Rosemary,N,Bode,1963
Tyreke,W,Borer,1964
Allena,Y,Batz,1965
Lenord,Z,Reichel,1966
Yair,C,Smitham,1967
Carolyne,I,Welch,1968
Orene,M,Zemlak,1969
Lesli,O,Huel,1970
Kaylee,L,Jast,1971
Autumn,L,Hessel,1972
Kaela,K,Bogan,1973
Chynna,U,Runolfsdottir,1974
Elaine,E,Pfeffer,1975
Adin,G,Grimes,1976
Gideon,X,Pagac,1977
Kylie,W,Funk,1978
Otha,A,O'Connell,1979
Orvin,Y,Hoppe,1980
Margie,K,Schimmel,1981
Vinnie,N,Fadel,1982
Corinna,M,Corwin,1983
Anastacia,S,Roob,1984
Eppie,X,Schaefer,1985
Bilal,H,O'Hara,1986
Kassie,J,Dicki,1987
Errol,W,Abshire,1988
Frieda,A,Adams,1989
Dylan,K,Carroll,1990
Josephus,K,Stanton,1991
Tierra,W,Reilly,1992
Elliana,P,Stehr,1993
Coolidge,Y,Marks,1994
Brennen,G,Ryan,1995
Ilma,E,Murphy,1996
Maci,S,Padberg,1997
Alexis,U,Mann,1998
Orson,J,Renner,1999
Mimi,E,Cole,2000
Doll,A,Wehner,2001
Prentice,T,Stiedemann,2002
Pink,Y,Klocko,2003
Mariana,X,Feest,2004
Berton,Z,Borer,2005
Helma,R,Corkery,2006
Addisyn,K,Padberg,2007
Aimee,Y,Stehr,2008
Latifah,M,Wiegand,2009
Artis,L,Kuhn,2010
Sigmund,C,Bogisich,2011
Franklin,Z,Trantow,2012
Hezekiah,V,Kerluke,2013
Jannette,Q,Williamson,2014
Rona,D,Wuckert,2015
Shemar,V,Weissnat,2016
Marcello,O,Schmitt,2017
Armani,O,Zieme,2018
Fanny,R,Wolf,2019
Deanne,Y,Rohan,2020
Barbara,P,Bogisich,2021
Teri,G,Hartmann,2022
Authur,B,Howell,2023
Susanna,W,Lakin,2024
Shaina,Y,Littel,2025
Bruce,E,Toy,2026
Sawyer,F,Bins,2027
Yamilex,J,Kiehn,2028
Braiden,Q,Christiansen,2029
Marco,A,Nienow,2030
Jessie,V,Muller,2031
Zaid,G,Hodkiewicz,2032
Russ,N,Batz,2033
Kameron,G,Fritsch,2034
Wilmer,B,Torp,2035
Missie,Z,Cremin,2036
Ivette,I,Bednar,2037
Greene,B,Bauch,2038
Mathilda,P,Connelly,2039
Wellington,P,Wilkinson,2040
Alycia,K,Hahn,2041
Brionna,H,Konopelski,2042
Remy,B,Williamson,2043
Selma,P,Jones,2044
Jacque,W,Spinka,2045
Clemence,C,Langosh,2046
Latoya,R,Pfannerstill,2047
Tom,P,Stamm,2048
Lakeshia,A,McKenzie,2049
Kenia,G,Feeney,2050
Jalynn,L,Ward,2051
Cleola,A,Nader,2052
Mell,T,Walsh,2053
Lilyanna,A,Sawayn,2054
Nolen,J,Olson,2055
Tripp,V,Blanda,2056
Jovan,Q,Graham,2057
Pearl,L,DuBuque,2058
Sharla,Q,Mohr,2059
Verna,T,Donnelly,2060
Chaz,R,Kris,2061
Bethel,D,McDermott,2062
Shaylee,R,Reinger,2063
Elberta,I,Gibson,2064
Elizebeth,Q,Kirlin,2065
Levina,J,Robel,2066
Jamison,V,Douglas,2067
Vida,J,Ward,2068
Dorothy,K,Turner,2069
Jewell,Q,Hegmann,2070
Stephan,J,Mann,2071
Marilyn,W,Torphy,2072
Isiah,W,Deckow,2073
Jalynn,I,Armstrong,2074
Magen,P,Smith,2075
Annie,Z,Glover,2076
Yasmeen,S,Tromp,2077
Dahlia,K,Harris,2078
Mckinley,A,Johnson,2079
Merrily,U,Schaefer,2080
Koen,Q,Wolf,2081
Ophelia,H,Johnson,2082
Braylen,T,Parker,2083
Desean,U,Jacobs,2084
Stephany,Y,Hagenes,2085
Lori,I,Runte,2086
Lizabeth,H,Welch,2087
Neal,K,Bahringer,2088
Mcarthur,X,Keeling,2089
Hailey,U,Turner,2090
Tahj,K,Bins,2091
Dixon,X,Effertz,2092
Clement,E,Kshlerin,2093
Al,N,Fisher,2094
Jaycob,P,Vandervort,2095
Winnie,H,Abbott,2096
Melinda,A,Quigley,2097
Mavis,C,VonRueden,2098
Ashely,C,Marvin,2099
Emile,H,Klocko,2100
Levar,Z,Crona,2101
Marlene,W,Herman,2102
Mel,D,Larson,2103
Sienna,K,Yundt,2104
Ollie,P,Mitchell,2105
Wilhelmine,S,Muller,2106
Santino,O,Bailey,2107
Star,U,Wisozk,2108
Torrey,C,Gislason,2109
Merry,M,Emard,2110
Edgardo,J,Kassulke,2111
Skylar,D,Wunsch,2112
Laurine,F,Turcotte,2113
Bascom,J,Mitchell,2114
Keenan,M,Swaniawski,2115
Renaldo,M,Boyle,2116
Crissy,L,Herzog,2117
Ottilia,P,Kertzmann,2118
Jerimiah,U,Gleichner,2119
Trina,E,Gerhold,2120
Kari,O,Grimes,2121
Jarod,I,Russel,2122
Leeroy,Q,Douglas,2123
Teresa,G,Schumm,2124
Eartha,O,Legros,2125
Rosalia,Z,Heaney,2126
Rahsaan,Z,Simonis,2127
Albertina,E,O'Hara,2128
Suzanna,U,Leffler,2129
Maybelle,V,Batz,2130
Natalya,G,Dickinson,2131
Chandler,K,Champlin,2132
Flint,E,Lemke,2133
Karie,V,Farrell,2134
Artis,Y,Beier,2135
Nicolas,I,Beier,2136
Ophelia,J,Brekke,2137
Meghann,C,Thiel,2138
Eboni,A,Hoeger,2139
Kelby,N,Cummerata,2140
Carina,J,Kuhlman,2141
Jodie,R,Conroy,2142
Sina,E,Fay,2143
Jeramiah,A,Cummings,2144
Joel,A,Zemlak,2145
Darien,W,Stracke,2146
Clem,T,Dach,2147
Domingo,N,Dicki,2148
Felton,T,Willms,2149
Mekhi,L,Weimann,2150
Eligah,O,Reichel,2151
Valery,J,Cummings,2152
Danial,A,Pagac,2153
Lilia,J,Beer,2154
Tameka,C,Runolfsson,2155
Anastacio,O,Davis,2156
Benton,C,Rau,2157
Jaymes,R,Harber,2158
Marquis,G,Reichert,2159
Micaela,M,Runolfsson,2160
Gracie,A,Welch,2161
Ezra,G,Wisozk,2162
Jackson,R,Baumbach,2163
Jordon,M,Koch,2164
Zain,H,Dooley,2165
Albertus,O,Cole,2166
Sudie,P,Walker,2167
Marylouise,C,Heathcote,2168
Morgan,Z,Smith,2169
Donell,T,Rohan,2170
Chantelle,O,DuBuque,2171
Carina,C,O'Connell,2172
Clayton,W,Ryan,2173
Alisha,T,Sauer,2174
Emmie,S,Willms,2175
Venessa,Z,Gorczany,2176
Linton,X,Gutkowski,2177
Sister,T,Powlowski,2178
Herschel,W,Langosh,2179
Mackenzie,W,Schulist,2180
Kaitlyn,A,Howell,2181
Hailie,N,Terry,2182
Twyla,W,Roob,2183
Sannie,F,Anderson,2184
Douglass,H,Hickle,2185
Rico,I,Cremin,2186
Jaydan,T,Considine,2187
Kevan,G,Predovic,2188
Hill,J,Harvey,2189
Fae,I,Cruickshank,2190
Reid,R,Howell,2191
Lilyan,U,Mitchell,2192
Davion,B,Gibson,2193
Candace,U,Gusikowski,2194
Garth,P,Dietrich,2195
Shawanda,V,Willms,2196
Neveah,A,Bins,2197
Simeon,L,Connelly,2198
Fawn,D,Johns,2199
Kourtney,W,Keebler,2200
Cathy,K,Rogahn,2201
Tanika,T,Walter,2202
Claude,A,Satterfield,2203
Dosha,I,Batz,2204
Junius,T,Mayert,2205
Tonia,T,Green,2206
Ricki,D,Jaskolski,2207
Racquel,N,Watsica,2208
Era,Y,Smitham,2209
Olin,Y,Emard,2210
Darell,W,Baumbach,2211
Averi,B,O'Reilly,2212
Willard,B,Aufderhar,2213
Shanice,N,Buckridge,2214
Tye,P,Marquardt,2215
Martha,K,Hessel,2216
Herb,U,Rippin,2217
Carlyn,F,Cremin,2218
Derek,S,Stoltenberg,2219
Sheldon,N,Herzog,2220
Dennie,I,Homenick,2221
Fernando,Z,Shanahan,2222
Rasheed,U,Langworth,2223
Ignacio,Z,McClure,2224
Orvel,M,Champlin,2225
Kimberly,S,Koch,2226
Holland,Y,Feeney,2227
Edson,N,Wolff,2228
Vernice,M,Doyle,2229
Kristina,R,Okuneva,2230
Jill,Q,Abbott,2231
Derwin,O,Sporer,2232
Brea,O,Leannon,2233
Annabelle,D,McCullough,2234
Hansford,Y,Bauch,2235
Chasity,R,Kozey,2236
Cristopher,M,Murray,2237
Clemie,P,Osinski,2238
Joann,X,Lowe,2239
Harrie,O,Metz,2240
Karley,A,Boehm,2241
Dino,H,Kessler,2242
Huey,R,Stokes,2243
Rock,X,Pouros,2244
Shawnda,S,Adams,2245
Johnpaul,T,Kulas,2246
Moesha,N,Collier,2247
Bascom,H,Okuneva,2248
Deedee,Y,Stehr,2249
Joleen,V,Torphy,2250
Wilfredo,K,Nitzsche,2251
Roderic,C,Bahringer,2252
Kazuo,X,Sporer,2253
Samantha,H,Russel,2254
Fran,P,Koch,2255
Ressie,P,Wuckert,2256
Esequiel,B,Gutmann,2257
Wilber,X,Koepp,2258
Natasha,S,Bednar,2259
Jerrel,L,Mertz,2260
Kamya,W,Green,2261
Sharday,S,Smith,2262
Evans,Q,Rau,2263
Trevion,G,Maggio,2264
Elsworth,E,Orn,2265
Alleen,Z,Kub,2266
Bruce,Z,Luettgen,2267
Charley,U,Greenholt,2268
Kanisha,X,Moore,2269
Marlin,X,Schumm,2270
Wilbur,B,Eichmann,2271
Myrtice,E,Reynolds,2272
Lamont,M,Pouros,2273
Claudius,U,Koss,2274
Amara,Q,VonRueden,2275
Elie,P,Hagenes,2276
Chimere,V,Ernser,2277
Sierra,F,Cole,2278
Darcy,O,Champlin,2279
Marinda,C,Bode,2280
Arvilla,L,Cummerata,2281
Verlie,L,Monahan,2282
Shirlene,P,Reilly,2283
Salena,T,Waters,2284
Raina,V,Tillman,2285
Octa,Q,Dooley,2286
Ottilie,P,Hirthe,2287
Johnnie,R,Vandervort,2288
Elfrieda,L,Kohler,2289
Birdie,O,Johnston,2290
Bambi,I,Barton,2291
Lovell,I,Kling,2292
Floy,H,Morissette,2293
Gay,U,Zulauf,2294
Erasmo,Y,Quitzon,2295
Karina,X,Lockman,2296
Ludie,J,Denesik,2297
Donavan,C,Koelpin,2298
Zayne,S,Kovacek,2299
Dakota,W,Bergstrom,2300
Tamela,W,Metz,2301
Thornton,A,Brakus,2302
Elwood,J,Ratke,2303
Luc,A,Runte,2304
Dalia,U,Hermann,2305
Aurelio,A,Legros,2306
Isabel,S,Senger,2307
Giuliana,H,Nitzsche,2308
Olar,E,Bruen,2309
Dean,R,Lindgren,2310
Kylee,H,Breitenberg,2311
Jamar,Z,Nicolas,2312
Randi,X,Armstrong,2313
Henri,Y,Hegmann,2314
Kraig,W,Hackett,2315
Arleth,H,Heaney,2316
Gladstone,J,McCullough,2317
Isadore,P,Emmerich,2318
Mertie,T,Purdy,2319
Geraldine,L,Senger,2320
Jess,H,Crist,2321
Tessie,V,Morissette,2322
Ann,B,Wolff,2323
Susan,R,Stark,2324
Lesly,E,Mann,2325
Tarah,S,Reichert,2326
Caroline,E,Trantow,2327
Kaia,I,Hegmann,2328
Chimere,G,Shields,2329
Texanna,B,Treutel,2330
Shaquita,C,Feil,2331
Tamara,A,Bartoletti,2332
Malorie,J,Donnelly,2333
Guilford,G,Corwin,2334
Besse,I,Conroy,2335
Karter,W,Thiel,2336
Otto,U,Marquardt,2337
Mattye,Y,Moore,2338
Bettye,Q,Bernier,2339
Harve,U,Casper,2340
Pasquale,L,D'Amore,2341
Leander,P,Moore,2342
Khiry,F,Barton,2343
Katlyn,Z,Brekke,2344
Luka,M,Kub,2345
Dasia,V,Nienow,2346
Lula,W,McLaughlin,2347
Ras,A,Spinka,2348
Zaria,M,Mills,2349
Evaline,Q,Hand,2350
Author,C,Yundt,2351
Pam,L,Dickens,2352
Evalyn,G,Kuvalis,2353
Roslyn,R,Steuber,2354
Dicy,H,Schinner,2355
Ford,G,Hackett,2356
Krystal,R,Fay,2357
Orval,C,Towne,2358
Latanya,I,Stehr,2359
Darcy,J,Hickle,2360
Rayan,N,Wiza,2361
Genie,T,Leuschke,2362
Dwayne,Y,Langosh,2363
Buren,I,Metz,2364
Leighton,B,Franecki,2365
Khloe,F,Shields,2366
Brooklyn,K,Feest,2367
Rocky,J,Wilderman,2368
West,Z,Schroeder,2369
Darren,G,VonRueden,2370
Iesha,I,Jaskolski,2371
Jamie,Z,Cronin,2372
Blanch,E,Feeney,2373
Jenny,N,Schiller,2374
Dallas,B,Aufderhar,2375
Lavenia,Q,Runolfsdottir,2376
Adolph,H,Haley,2377
Khadijah,H,Kub,2378
Aracely,X,Harris,2379
Raegan,Y,Grady,2380
Seldon,E,Sawayn,2381
Mintie,S,Hoeger,2382
Ayana,B,Labadie,2383
Ken,I,Bernier,2384
Mia,N,Rice,2385
Kanye,J,Runolfsson,2386
Babyboy,J,Schinner,2387
Sasha,B,Bahringer,2388
Elton,D,Wisozk,2389
Jerrie,J,Waelchi,2390
Hjalmar,F,Connelly,2391
Lyndsay,Z,Batz,2392
Darrel,H,Smith,2393
Brennon,N,Braun,2394
Darby,P,Prosacco,2395
Gavin,Q,Orn,2396
Dezzie,V,Yost,2397
Tiney,F,Stokes,2398
Dana,R,Hills,2399
Gladys,K,Larson,2400
Cleveland,I,Greenholt,2401
Latonya,Z,Carter,2402
Maximo,B,Kemmer,2403
Lennie,N,Osinski,2404
Billie,G,DuBuque,2405
Jamiya,L,Hansen,2406
Corrine,M,Wuckert,2407
Cena,K,Renner,2408
Neveah,Y,Quigley,2409
Algie,T,Hoeger,2410
Treyton,E,Fadel,2411
Dane,M,Hoppe,2412
Darby,F,Funk,2413
Almira,O,Daniel,2414
Ivonne,Q,Bashirian,2415
Mickey,A,Weber,2416
Alia,K,Carroll,2417
Ottis,H,Hintz,2418
Emery,T,McCullough,2419
Hazle,R,Fisher,2420
Elenore,F,Keeling,2421
Claribel,D,Borer,2422
Lakeisha,R,Padberg,2423
Leonard,D,Lemke,2424
Kristin,D,Miller,2425
Tegan,B,Glover,2426
Branden,U,Bergstrom,2427
Loula,K,Crona,2428
Kristopher,G,Hodkiewicz,2429
Olen,B,Tillman,2430
Naomi,H,Schmitt,2431
Johana,O,Jenkins,2432
Vennie,Z,Doyle,2433
Toriano,Z,Lynch,2434
Joella,F,Mueller,2435
Elder,P,Hodkiewicz,2436
Jayvion,J,Durgan,2437
Sarahi,U,Swift,2438
Tariq,G,Sipes,2439
Ben,A,Harris,2440
Lanny,U,Considine,2441
Abraham,G,Konopelski,2442
Hershell,F,Reynolds,2443
Riya,M,Rogahn,2444
Nichole,P,Bogan,2445
Erma,E,Rippin,2446
Porter,E,Bauch,2447
Okey,I,Klein,2448
Marlie,K,Bosco,2449
Semaj,N,Strosin,2450
Theadore,W,Hegmann,2451
Mariyah,K,Beier,2452
Hudson,G,Maggio,2453
Winton,P,Shanahan,2454
Lem,Q,Schinner,2455
Mariah,C,Reynolds,2456
Cristen,R,Thiel,2457
Arne,Q,Von,2458
Cyrus,R,Bahringer,2459
Christopher,P,Hudson,2460
Valentino,T,Stroman,2461
Thomasina,E,Blick,2462
Judith,G,Breitenberg,2463
Estell,C,Barton,2464
Adriene,S,Keeling,2465
Jarett,H,Buckridge,2466
Marie,X,Kunze,2467
Jaslyn,X,Hirthe,2468
Doris,W,Murray,2469
Rufus,T,Predovic,2470
Dwaine,E,Lind,2471
Math,R,Nitzsche,2472
Buford,K,O'Reilly,2473
Destinee,O,Champlin,2474
Tavares,D,Hane,2475
Dionicio,H,Glover,2476
Donato,Z,Thompson,2477
Darryll,E,Kozey,2478
Noreta,F,Murphy,2479
Christi,C,Roob,2480
Karissa,Q,Gaylord,2481
Elva,H,Mertz,2482
Regan,E,Koch,2483
Duke,G,Koss,2484
Brynn,R,Powlowski,2485
Americo,J,Howell,2486
Milan,M,Muller,2487
Hershell,J,Nikolaus,2488
Dannielle,Y,Crooks,2489
Benson,C,Gerlach,2490
Kristy,A,Kozey,2491
Aniya,Z,Eichmann,2492
Adel,U,Leffler,2493
Dudley,R,Mann,2494
Ebert,Q,Schultz,2495
Alverta,L,Bradtke,2496
Jacalyn,T,Jerde,2497
Alex,G,McKenzie,2498
Abraham,Q,Gerlach,2499
Orah,D,Johns,2500
Maxwell,I,VonRueden,2501
Isaiah,K,Kassulke,2502
Odin,C,Kozey,2503
Willam,Q,Hodkiewicz,2504
Jettie,L,Flatley,2505
Shaneka,M,Prohaska,2506
Cecil,N,Johnson,2507
Golden,A,Parker,2508
Cannie,F,Parisian,2509
Janiah,D,Hermann,2510
Linnie,S,Pollich,2511
Deron,A,West,2512
Maia,K,Cummings,2513
Orelia,R,Reichert,2514
Ginger,E,Pouros,2515
Jessie,D,Paucek,2516
Pryor,J,Kuphal,2517
Matias,Q,Nitzsche,2518
Whitney,T,Gorczany,2519
Edyth,L,Kunze,2520
Giancarlo,M,Hermiston,2521
Zoie,F,Langosh,2522
Tamisha,W,Langosh,2523
Katie,W,McGlynn,2524
Conard,J,Shields,2525
Winfred,F,Moore,2526
Clella,F,Trantow,2527
Doreen,P,Boehm,2528
Selmer,I,Auer,2529
Taina,R,Bashirian,2530
Cierra,P,Jacobson,2531
Emmy,P,Schultz,2532
Con,J,Quitzon,2533
Dicie,Q,White,2534
Florencio,L,Koch,2535
Adrienne,P,Glover,2536
Duane,S,Cormier,2537
Naomi,D,Williamson,2538
Cinnamon,Z,Frami,2539
Joe,W,Hackett,2540
Davis,X,Herman,2541
Nico,R,Boyle,2542
Dick,M,Flatley,2543
Mauricio,U,Ondricka,2544
Toccara,Y,Heller,2545
Nicklaus,E,Doyle,2546
Reagan,D,Gorczany,2547
Keshaun,O,Jacobs,2548
Claire,M,Graham,2549
Solon,Y,Runolfsdottir,2550
Floretta,R,Renner,2551
Madora,R,Gleason,2552
Winfield,L,Ledner,2553
King,M,Vandervort,2554
Michelle,O,Dickens,2555
Dominik,U,Macejkovic,2556
Pricilla,K,Jast,2557
Darryle,X,Ankunding,2558
Stephenie,M,Kautzer,2559
Rylan,F,Batz,2560
Alfreda,O,Schuppe,2561
Dane,U,Hilpert,2562
Chalmers,H,Harvey,2563
Ace,F,Lynch,2564
Bernard,Y,Gislason,2565
Coraima,Y,Herman,2566
Miguelangel,L,Pacocha,2567
Jerod,U,Keeling,2568
Winfred,U,McClure,2569
Lurena,C,Shields,2570
Effie,X,Stark,2571
Allyson,B,Schuppe,2572
Kiel,V,Hackett,2573
Caesar,H,Metz,2574
Joel,M,Padberg,2575
Shasta,I,Parker,2576
Rochelle,D,Tillman,2577
Harriette,G,O'Reilly,2578
Amparo,G,Gulgowski,2579
Katelin,J,Fay,2580
Naomi,U,Wilderman,2581
Arvil,J,McGlynn,2582
Tressie,F,Jones,2583
Romello,O,Deckow,2584
Maxie,U,Schoen,2585
Astrid,S,Hintz,2586
Aryanna,B,Gusikowski,2587
Jaymes,O,Jenkins,2588
Melody,E,Koepp,2589
Clotilda,R,Schinner,2590
Elmyra,T,Powlowski,2591
Ivey,S,Koelpin,2592
Theodora,S,Keeling,2593
Jessee,Z,Mills,2594
Alvy,T,Yundt,2595
Sheron,H,Ondricka,2596
Merna,L,Watsica,2597
Orilla,A,Gorczany,2598
Reva,A,Franecki,2599
Scot,U,Hartmann,2600
Brayan,U,Gorczany,2601
Timmie,J,Erdman,2602
Lute,B,Rutherford,2603
Shellie,T,Satterfield,2604
Ingram,P,Dare,2605
Maude,T,Denesik,2606
Lelah,B,Schaefer,2607
Archer,J,Kreiger,2608
Vidal,K,Wiza,2609
Governor,Q,Fritsch,2610
Ruthanne,V,Turcotte,2611
Wylie,M,Rice,2612
Elfreda,L,Fadel,2613
Walt,Y,Russel,2614
Braedon,D,Reynolds,2615
Atticus,S,Weimann,2616
Dorthey,Q,Boehm,2617
Lawton,K,Quitzon,2618
Julia,E,Klein,2619
Eulalia,Y,Considine,2620
Jasper,L,Howe,2621
Karma,B,Raynor,2622
Kindra,Y,Schmeler,2623
Ruthanne,O,Reichert,2624
Phillip,D,Russel,2625
Kathy,Z,Mitchell,2626
Hollis,D,Kshlerin,2627
Montana,P,Nolan,2628
Hortencia,D,Fadel,2629
Tamika,W,Little,2630
Burr,O,Schneider,2631
Skylar,M,Tillman,2632
Delila,T,Heathcote,2633
Aaron,R,Ratke,2634
Jodi,O,Donnelly,2635
Marc,W,Kertzmann,2636
Nickolas,J,Sporer,2637
Sandi,X,Rau,2638
Falon,Q,Huel,2639
Chris,J,Powlowski,2640
Shaunna,G,Bednar,2641
Aleena,R,Bins,2642
Darryle,C,Waelchi,2643
Brandin,J,Wintheiser,2644
Blas,J,Reichel,2645
Caroline,T,Balistreri,2646
Pricilla,K,Mraz,2647
Gretta,V,Heathcote,2648
Trista,I,Gottlieb,2649
Niki,J,Purdy,2650
Zenas,A,Rolfson,2651
Pamella,D,Hintz,2652
Martika,R,Hudson,2653
Charlie,H,Volkman,2654
Cherise,F,Hintz,2655
Edison,I,Balistreri,2656
Zebulon,T,Herzog,2657
Neha,A,Nitzsche,2658
Sandy,L,O'Conner,2659
Cambria,Z,Cartwright,2660
Adeline,A,Rath,2661
Bentley,G,Pollich,2662
Burnell,E,Marks,2663
Una,A,Murray,2664
Valentino,K,Jones,2665
Elizebeth,C,Conn,2666
Baron,Q,Corkery,2667
Salena,L,Jaskolski,2668
Rayshawn,I,Labadie,2669
Audie,O,Jacobi,2670
Makala,M,Medhurst,2671
Jordyn,L,Mosciski,2672
Marlyn,B,Mraz,2673
Atha,L,Rogahn,2674
Kazuo,J,Marks,2675
Raul,L,Lindgren,2676
Bina,Z,Keeling,2677
Skyler,W,Bergstrom,2678
Reggie,I,Stracke,2679
Nicklaus,P,Goodwin,2680
Josue,Y,Satterfield,2681
Sheena,T,Lindgren,2682
Madyson,I,Rolfson,2683
Lorine,O,Gerlach,2684
Lashonda,T,Kohler,2685
Jeanie,D,Reynolds,2686
Leann,W,Upton,2687
Mellie,V,Langosh,2688
Madie,X,Kunze,2689
Nealie,J,Hackett,2690
Aditya,C,Stracke,2691
Eldred,G,Hartmann,2692
Lilyanna,J,Jerde,2693
Caro,Z,Sauer,2694
Brigette,T,Halvorson,2695
Wilson,I,Brakus,2696
Tracee,P,Hahn,2697
Vita,Y,Maggio,2698
Jerrad,C,Rogahn,2699
Codey,Z,Ruecker,2700
Gussie,C,McClure,2701
Vannie,G,Orn,2702
Edson,H,Upton,2703
Stacy,A,Koepp,2704
Hallie,R,Breitenberg,2705
Autry,A,Little,2706
Gayle,R,Kuphal,2707
Meta,D,Corkery,2708
Emogene,U,Botsford,2709
Paula,V,Pouros,2710
Katina,C,Bosco,2711
Karlie,F,Champlin,2712
Firman,R,Koelpin,2713
Webster,E,McCullough,2714
Marquis,H,Renner,2715
Samuel,E,Lynch,2716
Shonda,G,Hyatt,2717
Reece,E,Predovic,2718
Luther,G,Kub,2719
Lenard,Q,Bechtelar,2720
Gennaro,C,Green,2721
Angel,B,Jast,2722
Ardith,G,Kemmer,2723
Towanda,P,Reichert,2724
Remington,B,Renner,2725
Saul,A,Rosenbaum,2726
Finn,F,Miller,2727
Darrion,V,Lebsack,2728
Babe,M,Jakubowski,2729
Dosha,R,Lemke,2730
Liller,K,Johns,2731
Sherryl,O,Homenick,2732
Jude,B,Hayes,2733
Tal,Q,Zulauf,2734
Luvinia,F,Lehner,2735
Julio,O,Gleichner,2736
Marvel,S,Heathcote,2737
Debbi,S,Berge,2738
Lavina,X,Hegmann,2739
Danette,E,Cormier,2740
Silver,F,Hane,2741
Emily,P,Thiel,2742
Sawyer,C,Lynch,2743
Maribeth,R,Ziemann,2744
Clytie,H,Reinger,2745
Jenniffer,R,Jerde,2746
Arland,M,Fahey,2747
Abraham,F,Doyle,2748
Dusty,H,Walsh,2749
Vollie,A,Goyette,2750
Coen,X,Haley,2751
Dedrick,Z,O'Kon,2752
Shon,D,Durgan,2753
Manuel,Y,Herzog,2754
Cristy,W,Predovic,2755
Charmaine,P,Collier,2756
Jaret,F,Kunde,2757
Hill,W,Stehr,2758
Theodis,P,Gerhold,2759
Denny,X,Bergnaum,2760
Ariana,F,Leffler,2761
Latoyia,S,Stark,2762
Averi,J,Boyle,2763
Lea,Z,Goldner,2764
Dani,C,Bartoletti,2765
Jazlene,U,Lakin,2766
Alyssa,U,Conn,2767
Lular,R,Gulgowski,2768
Camilla,P,Satterfield,2769
Rosanne,U,Corwin,2770
Reece,O,Effertz,2771
Luisa,H,Wisozk,2772
Chelsy,M,Jaskolski,2773
Ebba,M,Ruecker,2774
Jaeden,E,Littel,2775
Walton,U,Buckridge,2776
Bradford,Z,Littel,2777
Helma,A,Kuhlman,2778
Dorathea,N,Haag,2779
Rashaan,N,Emard,2780
Thurlow,G,Kunze,2781
Robt,U,Schultz,2782
Nada,P,Considine,2783
Kelsie,M,Denesik,2784
Madelene,S,Block,2785
Tamia,Z,Kovacek,2786
Dorris,B,Leannon,2787
Louie,X,Beatty,2788
Ramon,D,Schimmel,2789
Alpheus,G,Douglas,2790
Chris,N,Zieme,2791
August,V,Heaney,2792
Antonina,T,Harris,2793
Gus,Y,Goldner,2794
Lockie,J,Hansen,2795
Alexis,C,Lebsack,2796
Clearence,P,Steuber,2797
Dino,I,Greenfelder,2798
Daulton,L,Mohr,2799
Kimball,S,Dach,2800
Sanders,Z,Thompson,2801
Kattie,M,VonRueden,2802
Primus,W,King,2803
Leeann,W,Lakin,2804
Karren,B,Koepp,2805
Elwin,I,Sanford,2806
Cordia,E,Mante,2807
Kisha,O,Cole,2808
Gianni,T,Botsford,2809
Vicy,B,Ledner,2810
Shaun,B,Emard,2811
Amado,N,Satterfield,2812
Keara,K,Kuvalis,2813
Captain,C,Blanda,2814
Josie,B,Schneider,2815
Marjorie,F,Adams,2816
Janie,E,Torphy,2817
Ronaldo,T,Kemmer,2818
Caroline,M,Kulas,2819
Daron,Y,Kozey,2820
Syed,Z,Eichmann,2821
Lue,M,O'Hara,2822
Bertha,F,Kihn,2823
Estrella,E,Ondricka,2824
Adalynn,U,Adams,2825
Tristan,X,Gutkowski,2826
Queen,Q,Wolff,2827
Ben,D,Brakus,2828
True,M,Zulauf,2829
Rickie,Q,Terry,2830
Stephen,E,Mayer,2831
Celesta,L,Koch,2832
Cass,E,Stracke,2833
General,G,Ledner,2834
Mamie,J,Goldner,2835
Danyell,H,Mraz,2836
Jalen,R,Sipes,2837
Reuben,O,Reichel,2838
Barry,Q,Johns,2839
Tierra,N,Casper,2840
Eldred,B,Turner,2841
Deryl,S,Halvorson,2842
Garner,C,Hilll,2843
Ricky,M,Batz,2844
Davon,C,Boyer,2845
Daija,L,Blanda,2846
Tallie,L,Casper,2847
Icie,S,Kuhlman,2848
Gabriel,A,Bauch,2849
Grove,H,Jacobi,2850
Makenna,N,Morar,2851
Abbie,L,Keeling,2852
Celina,X,Leffler,2853
Simmie,Y,Strosin,2854
Desean,I,Balistreri,2855
Philo,T,Lockman,2856
Arlo,X,Johnson,2857
Dawna,X,Treutel,2858
Washington,C,Brekke,2859
Tashina,Z,McClure,2860
Jeanne,F,Dach,2861
Mackenzie,J,Lind,2862
Hank,T,Pollich,2863
Spring,G,Dicki,2864
Eura,F,Stehr,2865
Shaniya,B,Upton,2866
Brady,O,Hauck,2867
Zillah,M,Witting,2868
Gisselle,E,Nicolas,2869
Nellie,I,Sporer,2870
Yael,Z,Labadie,2871
Alec,W,Lemke,2872
Regena,O,Steuber,2873
Arietta,F,Deckow,2874
Darline,R,Satterfield,2875
Marcelina,B,Grimes,2876
Jerad,S,Jacobson,2877
Brook,T,Eichmann,2878
Hattie,W,Bruen,2879
Crista,D,Raynor,2880
Madalynn,F,Rempel,2881
Nanci,R,Moore,2882
Allyn,F,Weissnat,2883
Hoyt,J,Walter,2884
Harden,B,Lakin,2885
Zeta,P,Dibbert,2886
Shaquan,B,Zieme,2887
Oley,F,Dooley,2888
Maxim,A,Hessel,2889
Tatsuo,Z,Denesik,2890
Evalyn,O,Rice,2891
Kim,Q,Romaguera,2892
Melvyn,R,Jones,2893
Esequiel,K,Glover,2894
Chessie,D,Gleichner,2895
Marchello,S,Prohaska,2896
Emmons,D,O'Conner,2897
Bama,X,Hermann,2898
Hattie,A,Schneider,2899
Davonta,T,Goyette,2900
Cloyd,X,Wolff,2901
Aura,G,Becker,2902
Lige,Y,Haley,2903
Chelsi,S,Kuhic,2904
Dell,G,Braun,2905
Erika,O,Kuhic,2906
Candice,E,Deckow,2907
Macey,A,Hahn,2908
Gilda,W,Bogisich,2909
Council,I,Langosh,2910
Teagan,Q,Torphy,2911
Alessandro,A,Auer,2912
Rob,A,Grimes,2913
Elma,U,Volkman,2914
Dianne,P,Frami,2915
Armida,D,Conroy,2916
Kenan,W,Goodwin,2917
Ciera,S,Lehner,2918
Katelyn,H,Osinski,2919
Lashonda,R,Dooley,2920
Dionte,M,Ziemann,2921
Mordechai,E,Treutel,2922
Epifanio,X,Cassin,2923
Lydell,E,Raynor,2924
Veva,T,Kunze,2925
Von,G,Harber,2926
Infant,I,Von,2927
Heath,D,Mante,2928
Tatianna,M,Donnelly,2929
Arbie,P,Nienow,2930
Paul,A,Muller,2931
Rudy,K,Fay,2932
Meagan,O,Ledner,2933
Caryn,D,Gaylord,2934
Dijon,G,Sauer,2935
Trula,L,Conroy,2936
Franc,S,Moore,2937
Eda,B,Pfeffer,2938
Willene,N,Greenholt,2939
Haskell,M,Littel,2940
Winifred,C,Smitham,2941
Emilia,S,Glover,2942
Ivah,S,Weber,2943
Tina,N,Hills,2944
Alleen,A,Jakubowski,2945
Natalya,E,Osinski,2946
Buel,H,Parisian,2947
Hester,V,Zemlak,2948
Orelia,I,Renner,2949
Mustafa,X,Mueller,2950
Iona,R,Smitham,2951
Theodosia,Q,Steuber,2952
Neha,Q,Waters,2953
Beecher,E,Stoltenberg,2954
Boyd,K,Steuber,2955
Lilburn,F,Hauck,2956
Marcellus,Z,Hickle,2957
Juanita,B,Wisoky,2958
Clyde,C,Mitchell,2959
Emeline,Y,Effertz,2960
Alvy,R,Lang,2961
Noelia,H,Blanda,2962
Jax,D,Robel,2963
Jalissa,S,Little,2964
Annice,H,Wolff,2965
Tisha,P,Marquardt,2966
Debroah,T,Nader,2967
Nils,J,Macejkovic,2968
Lexie,F,Kertzmann,2969
Dawna,K,Block,2970
Redden,G,Yundt,2971
Westin,P,Wolff,2972
Nakisha,R,Volkman,2973
Dania,Q,Homenick,2974
Moriah,X,Grady,2975
Omari,W,Greenfelder,2976
Isobel,I,Funk,2977
Chaim,K,Kautzer,2978
Arta,Q,Adams,2979
Minervia,O,Weber,2980
Hailie,L,Koch,2981
Isaias,G,Gaylord,2982
Ally,Y,Grimes,2983
Otelia,X,Smith,2984
Tiarra,O,Toy,2985
Kaitlin,Y,Little,2986
Leonce,X,Hermann,2987
Nobie,X,Howell,2988
Angus,K,Price,2989
Mahala,Q,Pollich,2990
Tyrik,K,Mayert,2991
Brooklyn,V,Krajcik,2992
Leola,R,Klocko,2993
Scott,E,Gislason,2994
Ellen,F,Gottlieb,2995
Burl,D,Konopelski,2996
Gisselle,T,Rogahn,2997
Libby,X,Hodkiewicz,2998
Manuel,N,Franecki,2999
Archibald,O,Collier,3000
